WB_region15,GBD_region,Country,iso3,LocID,X1.1,X1.2,X3.3,X3.1,X3.5,X3.4,X3.2,X3.6,X3.7,X3.8,X3.9,X2.8,X2.4,X2.14,X2.5,X2.2,X2.3,X2.1,X2.6,X2.7,X2.11,X2.10,X2.13,X2.12,X2.9,X4.2,X4.1,X4.3,X4.4
LIC,North Africa and Middle East,Afghanistan,AFG,4,0.01,0.04,0.06,0.04,0.04,0.04,0.04,0.01,0.01,0.01,0.01,0.06,0.04,0.04,0.04,0.04,0.04,0.04,0.04,0.04,0.037,0.037,0.03,0.25,0.01,0.04,0.04,0.06,0.06
UMIC,Central Europe,Albania,ALB,8,0.043,0.62,0.46,0.62,0.62,0.62,0.62,0.317,0.317,0.317,0.317,0.46,0.62,0.62,0.62,0.62,0.62,0.62,0.62,0.62,0.114,0.114,0.7,0.55,0.043,0.62,0.62,0.46,0.46
UMIC,North Africa and Middle East,Algeria,DZA,12,0.043,0.62,0.46,0.62,0.62,0.62,0.62,0.317,0.317,0.317,0.317,0.46,0.62,0.62,0.62,0.62,0.62,0.62,0.62,0.62,0.114,0.114,0.7,0.55,0.043,0.62,0.62,0.46,0.46
UMIC,Oceania,American Samoa,ASM,16,0.043,0.62,0.46,0.62,0.62,0.62,0.62,0.317,0.317,0.317,0.317,0.46,0.62,0.62,0.62,0.62,0.62,0.62,0.62,0.62,0.114,0.114,0.7,0.55,0.043,0.62,0.62,0.46,0.46
HIC,Western Europe,Andorra,AND,20,0.103,0.93,0.63,0.93,0.93,0.93,0.93,0.736,0.736,0.736,0.736,0.63,0.93,0.93,0.93,0.93,0.93,0.93,0.93,0.93,0.224,0.224,0.9,0.7,0.103,0.93,0.93,0.63,0.63
UMIC,Central Sub‐Saharan Africa,Angola,AGO,24,0.043,0.62,0.46,0.62,0.62,0.62,0.62,0.317,0.317,0.317,0.317,0.46,0.62,0.62,0.62,0.62,0.62,0.62,0.62,0.62,0.114,0.114,0.7,0.55,0.043,0.62,0.62,0.46,0.46
HIC,Caribbean,Antigua and Barbuda,ATG,28,0.103,0.93,0.63,0.93,0.93,0.93,0.93,0.736,0.736,0.736,0.736,0.63,0.93,0.93,0.93,0.93,0.93,0.93,0.93,0.93,0.224,0.224,0.9,0.7,0.103,0.93,0.93,0.63,0.63
UMIC,Southern Latin America,Argentina,ARG,32,0.043,0.62,0.46,0.62,0.62,0.62,0.62,0.317,0.317,0.317,0.317,0.46,0.62,0.62,0.62,0.62,0.62,0.62,0.62,0.62,0.114,0.114,0.7,0.55,0.043,0.62,0.62,0.46,0.46
LMIC,Central Asia,Armenia,ARM,51,0.01,0.31,0.13,0.31,0.31,0.31,0.31,0.03,0.03,0.03,0.03,0.13,0.31,0.31,0.31,0.31,0.31,0.31,0.31,0.31,0.037,0.037,0.5,0.4,0.01,0.31,0.31,0.13,0.13
HIC,Australasia,Australia,AUS,36,0.103,0.93,0.63,0.93,0.93,0.93,0.93,0.736,0.736,0.736,0.736,0.63,0.93,0.93,0.93,0.93,0.93,0.93,0.93,0.93,0.224,0.224,0.9,0.7,0.103,0.93,0.93,0.63,0.63
HIC,Western Europe,Austria,AUT,40,0.103,0.93,0.63,0.93,0.93,0.93,0.93,0.736,0.736,0.736,0.736,0.63,0.93,0.93,0.93,0.93,0.93,0.93,0.93,0.93,0.224,0.224,0.9,0.7,0.103,0.93,0.93,0.63,0.63
UMIC,Central Asia,Azerbaijan,AZE,31,0.043,0.62,0.46,0.62,0.62,0.62,0.62,0.317,0.317,0.317,0.317,0.46,0.62,0.62,0.62,0.62,0.62,0.62,0.62,0.62,0.114,0.114,0.7,0.55,0.043,0.62,0.62,0.46,0.46
HIC,North Africa and Middle East,Bahrain,BHR,48,0.103,0.93,0.63,0.93,0.93,0.93,0.93,0.736,0.736,0.736,0.736,0.63,0.93,0.93,0.93,0.93,0.93,0.93,0.93,0.93,0.224,0.224,0.9,0.7,0.103,0.93,0.93,0.63,0.63
LMIC,South Asia,Bangladesh,BGD,50,0.01,0.31,0.13,0.31,0.31,0.31,0.31,0.03,0.03,0.03,0.03,0.13,0.31,0.31,0.31,0.31,0.31,0.31,0.31,0.31,0.037,0.037,0.5,0.4,0.01,0.31,0.31,0.13,0.13
HIC,Caribbean,Barbados,BRB,52,0.103,0.93,0.63,0.93,0.93,0.93,0.93,0.736,0.736,0.736,0.736,0.63,0.93,0.93,0.93,0.93,0.93,0.93,0.93,0.93,0.224,0.224,0.9,0.7,0.103,0.93,0.93,0.63,0.63
UMIC,Eastern Europe,Belarus,BLR,112,0.043,0.62,0.46,0.62,0.62,0.62,0.62,0.317,0.317,0.317,0.317,0.46,0.62,0.62,0.62,0.62,0.62,0.62,0.62,0.62,0.114,0.114,0.7,0.55,0.043,0.62,0.62,0.46,0.46
HIC,Western Europe,Belgium,BEL,56,0.103,0.93,0.63,0.93,0.93,0.93,0.93,0.736,0.736,0.736,0.736,0.63,0.93,0.93,0.93,0.93,0.93,0.93,0.93,0.93,0.224,0.224,0.9,0.7,0.103,0.93,0.93,0.63,0.63
UMIC,Caribbean,Belize,BLZ,84,0.043,0.62,0.46,0.62,0.62,0.62,0.62,0.317,0.317,0.317,0.317,0.46,0.62,0.62,0.62,0.62,0.62,0.62,0.62,0.62,0.114,0.114,0.7,0.55,0.043,0.62,0.62,0.46,0.46
LIC,Western Sub‐Saharan Africa,Benin,BEN,204,0.01,0.04,0.06,0.04,0.04,0.04,0.04,0.01,0.01,0.01,0.01,0.06,0.04,0.04,0.04,0.04,0.04,0.04,0.04,0.04,0.037,0.037,0.03,0.25,0.01,0.04,0.04,0.06,0.06
HIC,Caribbean,Bermuda,BMU,60,0.103,0.93,0.63,0.93,0.93,0.93,0.93,0.736,0.736,0.736,0.736,0.63,0.93,0.93,0.93,0.93,0.93,0.93,0.93,0.93,0.224,0.224,0.9,0.7,0.103,0.93,0.93,0.63,0.63
LMIC,South Asia,Bhutan,BTN,64,0.01,0.31,0.13,0.31,0.31,0.31,0.31,0.03,0.03,0.03,0.03,0.13,0.31,0.31,0.31,0.31,0.31,0.31,0.31,0.31,0.037,0.037,0.5,0.4,0.01,0.31,0.31,0.13,0.13
LMIC,Andean Latin America,Bolivia,BOL,68,0.01,0.31,0.13,0.31,0.31,0.31,0.31,0.03,0.03,0.03,0.03,0.13,0.31,0.31,0.31,0.31,0.31,0.31,0.31,0.31,0.037,0.037,0.5,0.4,0.01,0.31,0.31,0.13,0.13
UMIC,Central Europe,Bosnia and Herzegovina,BIH,70,0.043,0.62,0.46,0.62,0.62,0.62,0.62,0.317,0.317,0.317,0.317,0.46,0.62,0.62,0.62,0.62,0.62,0.62,0.62,0.62,0.114,0.114,0.7,0.55,0.043,0.62,0.62,0.46,0.46
UMIC,Southern Sub‐Saharan Africa,Botswana,BWA,72,0.043,0.62,0.46,0.62,0.62,0.62,0.62,0.317,0.317,0.317,0.317,0.46,0.62,0.62,0.62,0.62,0.62,0.62,0.62,0.62,0.114,0.114,0.7,0.55,0.043,0.62,0.62,0.46,0.46
UMIC,Tropical Latin America,Brazil,BRA,76,0.043,0.62,0.46,0.62,0.62,0.62,0.62,0.317,0.317,0.317,0.317,0.46,0.62,0.62,0.62,0.62,0.62,0.62,0.62,0.62,0.114,0.114,0.7,0.55,0.043,0.62,0.62,0.46,0.46
HIC,High‐income Asia Pacific,Brunei,BRN,96,0.103,0.93,0.63,0.93,0.93,0.93,0.93,0.736,0.736,0.736,0.736,0.63,0.93,0.93,0.93,0.93,0.93,0.93,0.93,0.93,0.224,0.224,0.9,0.7,0.103,0.93,0.93,0.63,0.63
UMIC,Central Europe,Bulgaria,BGR,100,0.043,0.62,0.46,0.62,0.62,0.62,0.62,0.317,0.317,0.317,0.317,0.46,0.62,0.62,0.62,0.62,0.62,0.62,0.62,0.62,0.114,0.114,0.7,0.55,0.043,0.62,0.62,0.46,0.46
LIC,Western Sub‐Saharan Africa,Burkina Faso,BFA,854,0.01,0.04,0.06,0.04,0.04,0.04,0.04,0.01,0.01,0.01,0.01,0.06,0.04,0.04,0.04,0.04,0.04,0.04,0.04,0.04,0.037,0.037,0.03,0.25,0.01,0.04,0.04,0.06,0.06
LIC,Eastern Sub‐Saharan Africa,Burundi,BDI,108,0.01,0.04,0.06,0.04,0.04,0.04,0.04,0.01,0.01,0.01,0.01,0.06,0.04,0.04,0.04,0.04,0.04,0.04,0.04,0.04,0.037,0.037,0.03,0.25,0.01,0.04,0.04,0.06,0.06
LMIC,Southeast Asia,Cambodia,KHM,132,0.01,0.31,0.13,0.31,0.31,0.31,0.31,0.03,0.03,0.03,0.03,0.13,0.31,0.31,0.31,0.31,0.31,0.31,0.31,0.31,0.037,0.037,0.5,0.4,0.01,0.31,0.31,0.13,0.13
LMIC,Western Sub‐Saharan Africa,Cameroon,CMR,116,0.01,0.31,0.13,0.31,0.31,0.31,0.31,0.03,0.03,0.03,0.03,0.13,0.31,0.31,0.31,0.31,0.31,0.31,0.31,0.31,0.037,0.037,0.5,0.4,0.01,0.31,0.31,0.13,0.13
HIC,High‐income North America,Canada,CAN,120,0.103,0.93,0.63,0.93,0.93,0.93,0.93,0.736,0.736,0.736,0.736,0.63,0.93,0.93,0.93,0.93,0.93,0.93,0.93,0.93,0.224,0.224,0.9,0.7,0.103,0.93,0.93,0.63,0.63
LMIC,Western Sub‐Saharan Africa,Cape Verde,CPV,124,0.01,0.31,0.13,0.31,0.31,0.31,0.31,0.03,0.03,0.03,0.03,0.13,0.31,0.31,0.31,0.31,0.31,0.31,0.31,0.31,0.037,0.037,0.5,0.4,0.01,0.31,0.31,0.13,0.13
LIC,Central Sub‐Saharan Africa,Central African Republic,CAF,140,0.01,0.04,0.06,0.04,0.04,0.04,0.04,0.01,0.01,0.01,0.01,0.06,0.04,0.04,0.04,0.04,0.04,0.04,0.04,0.04,0.037,0.037,0.03,0.25,0.01,0.04,0.04,0.06,0.06
LIC,Western Sub‐Saharan Africa,Chad,TCD,148,0.01,0.04,0.06,0.04,0.04,0.04,0.04,0.01,0.01,0.01,0.01,0.06,0.04,0.04,0.04,0.04,0.04,0.04,0.04,0.04,0.037,0.037,0.03,0.25,0.01,0.04,0.04,0.06,0.06
HIC,Southern Latin America,Chile,CHL,152,0.103,0.93,0.63,0.93,0.93,0.93,0.93,0.736,0.736,0.736,0.736,0.63,0.93,0.93,0.93,0.93,0.93,0.93,0.93,0.93,0.224,0.224,0.9,0.7,0.103,0.93,0.93,0.63,0.63
UMIC,East Asia,China,CHN,156,0.043,0.62,0.46,0.62,0.62,0.62,0.62,0.317,0.317,0.317,0.317,0.46,0.62,0.62,0.62,0.62,0.62,0.62,0.62,0.62,0.114,0.114,0.7,0.55,0.043,0.62,0.62,0.46,0.46
UMIC,Central Latin America,Colombia,COL,170,0.043,0.62,0.46,0.62,0.62,0.62,0.62,0.317,0.317,0.317,0.317,0.46,0.62,0.62,0.62,0.62,0.62,0.62,0.62,0.62,0.114,0.114,0.7,0.55,0.043,0.62,0.62,0.46,0.46
LIC,Eastern Sub‐Saharan Africa,Comoros,COM,174,0.01,0.04,0.06,0.04,0.04,0.04,0.04,0.01,0.01,0.01,0.01,0.06,0.04,0.04,0.04,0.04,0.04,0.04,0.04,0.04,0.037,0.037,0.03,0.25,0.01,0.04,0.04,0.06,0.06
LMIC,Central Sub‐Saharan Africa,Congo,COG,178,0.01,0.31,0.13,0.31,0.31,0.31,0.31,0.03,0.03,0.03,0.03,0.13,0.31,0.31,0.31,0.31,0.31,0.31,0.31,0.31,0.037,0.037,0.5,0.4,0.01,0.31,0.31,0.13,0.13
UMIC,Central Latin America,Costa Rica,CRI,188,0.043,0.62,0.46,0.62,0.62,0.62,0.62,0.317,0.317,0.317,0.317,0.46,0.62,0.62,0.62,0.62,0.62,0.62,0.62,0.62,0.114,0.114,0.7,0.55,0.043,0.62,0.62,0.46,0.46
LMIC,Western Sub‐Saharan Africa,Cote d'Ivoire,CIV,384,0.01,0.31,0.13,0.31,0.31,0.31,0.31,0.03,0.03,0.03,0.03,0.13,0.31,0.31,0.31,0.31,0.31,0.31,0.31,0.31,0.037,0.037,0.5,0.4,0.01,0.31,0.31,0.13,0.13
HIC,Central Europe,Croatia,HRV,191,0.103,0.93,0.63,0.93,0.93,0.93,0.93,0.736,0.736,0.736,0.736,0.63,0.93,0.93,0.93,0.93,0.93,0.93,0.93,0.93,0.224,0.224,0.9,0.7,0.103,0.93,0.93,0.63,0.63
UMIC,Caribbean,Cuba,CUB,192,0.043,0.62,0.46,0.62,0.62,0.62,0.62,0.317,0.317,0.317,0.317,0.46,0.62,0.62,0.62,0.62,0.62,0.62,0.62,0.62,0.114,0.114,0.7,0.55,0.043,0.62,0.62,0.46,0.46
HIC,Western Europe,Cyprus,CYP,196,0.103,0.93,0.63,0.93,0.93,0.93,0.93,0.736,0.736,0.736,0.736,0.63,0.93,0.93,0.93,0.93,0.93,0.93,0.93,0.93,0.224,0.224,0.9,0.7,0.103,0.93,0.93,0.63,0.63
HIC,Central Europe,Czech Republic,CZE,203,0.103,0.93,0.63,0.93,0.93,0.93,0.93,0.736,0.736,0.736,0.736,0.63,0.93,0.93,0.93,0.93,0.93,0.93,0.93,0.93,0.224,0.224,0.9,0.7,0.103,0.93,0.93,0.63,0.63
LIC,Central Sub‐Saharan Africa,Democratic Republic of the Congo,COD,180,0.01,0.04,0.06,0.04,0.04,0.04,0.04,0.01,0.01,0.01,0.01,0.06,0.04,0.04,0.04,0.04,0.04,0.04,0.04,0.04,0.037,0.037,0.03,0.25,0.01,0.04,0.04,0.06,0.06
HIC,Western Europe,Denmark,DNK,208,0.103,0.93,0.63,0.93,0.93,0.93,0.93,0.736,0.736,0.736,0.736,0.63,0.93,0.93,0.93,0.93,0.93,0.93,0.93,0.93,0.224,0.224,0.9,0.7,0.103,0.93,0.93,0.63,0.63
LMIC,Eastern Sub‐Saharan Africa,Djibouti,DJI,262,0.01,0.31,0.13,0.31,0.31,0.31,0.31,0.03,0.03,0.03,0.03,0.13,0.31,0.31,0.31,0.31,0.31,0.31,0.31,0.31,0.037,0.037,0.5,0.4,0.01,0.31,0.31,0.13,0.13
UMIC,Caribbean,Dominica,DMA,212,0.043,0.62,0.46,0.62,0.62,0.62,0.62,0.317,0.317,0.317,0.317,0.46,0.62,0.62,0.62,0.62,0.62,0.62,0.62,0.62,0.114,0.114,0.7,0.55,0.043,0.62,0.62,0.46,0.46
UMIC,Caribbean,Dominican Republic,DOM,214,0.043,0.62,0.46,0.62,0.62,0.62,0.62,0.317,0.317,0.317,0.317,0.46,0.62,0.62,0.62,0.62,0.62,0.62,0.62,0.62,0.114,0.114,0.7,0.55,0.043,0.62,0.62,0.46,0.46
UMIC,Andean Latin America,Ecuador,ECU,218,0.043,0.62,0.46,0.62,0.62,0.62,0.62,0.317,0.317,0.317,0.317,0.46,0.62,0.62,0.62,0.62,0.62,0.62,0.62,0.62,0.114,0.114,0.7,0.55,0.043,0.62,0.62,0.46,0.46
LMIC,North Africa and Middle East,Egypt,EGY,818,0.01,0.31,0.13,0.31,0.31,0.31,0.31,0.03,0.03,0.03,0.03,0.13,0.31,0.31,0.31,0.31,0.31,0.31,0.31,0.31,0.037,0.037,0.5,0.4,0.01,0.31,0.31,0.13,0.13
LMIC,Central Latin America,El Salvador,SLV,222,0.01,0.31,0.13,0.31,0.31,0.31,0.31,0.03,0.03,0.03,0.03,0.13,0.31,0.31,0.31,0.31,0.31,0.31,0.31,0.31,0.037,0.037,0.5,0.4,0.01,0.31,0.31,0.13,0.13
UMIC,Central Sub‐Saharan Africa,Equatorial Guinea,GNQ,226,0.043,0.62,0.46,0.62,0.62,0.62,0.62,0.317,0.317,0.317,0.317,0.46,0.62,0.62,0.62,0.62,0.62,0.62,0.62,0.62,0.114,0.114,0.7,0.55,0.043,0.62,0.62,0.46,0.46
LIC,Eastern Sub‐Saharan Africa,Eritrea,ERI,232,0.01,0.04,0.06,0.04,0.04,0.04,0.04,0.01,0.01,0.01,0.01,0.06,0.04,0.04,0.04,0.04,0.04,0.04,0.04,0.04,0.037,0.037,0.03,0.25,0.01,0.04,0.04,0.06,0.06
HIC,Eastern Europe,Estonia,EST,233,0.103,0.93,0.63,0.93,0.93,0.93,0.93,0.736,0.736,0.736,0.736,0.63,0.93,0.93,0.93,0.93,0.93,0.93,0.93,0.93,0.224,0.224,0.9,0.7,0.103,0.93,0.93,0.63,0.63
LIC,Eastern Sub‐Saharan Africa,Ethiopia,ETH,231,0.01,0.04,0.06,0.04,0.04,0.04,0.04,0.01,0.01,0.01,0.01,0.06,0.04,0.04,0.04,0.04,0.04,0.04,0.04,0.04,0.037,0.037,0.03,0.25,0.01,0.04,0.04,0.06,0.06
LMIC,Oceania,Federated States of Micronesia,FSM,583,0.01,0.31,0.13,0.31,0.31,0.31,0.31,0.03,0.03,0.03,0.03,0.13,0.31,0.31,0.31,0.31,0.31,0.31,0.31,0.31,0.037,0.037,0.5,0.4,0.01,0.31,0.31,0.13,0.13
UMIC,Oceania,Fiji,FJI,242,0.043,0.62,0.46,0.62,0.62,0.62,0.62,0.317,0.317,0.317,0.317,0.46,0.62,0.62,0.62,0.62,0.62,0.62,0.62,0.62,0.114,0.114,0.7,0.55,0.043,0.62,0.62,0.46,0.46
HIC,Western Europe,Finland,FIN,246,0.103,0.93,0.63,0.93,0.93,0.93,0.93,0.736,0.736,0.736,0.736,0.63,0.93,0.93,0.93,0.93,0.93,0.93,0.93,0.93,0.224,0.224,0.9,0.7,0.103,0.93,0.93,0.63,0.63
HIC,Western Europe,France,FRA,250,0.103,0.93,0.63,0.93,0.93,0.93,0.93,0.736,0.736,0.736,0.736,0.63,0.93,0.93,0.93,0.93,0.93,0.93,0.93,0.93,0.224,0.224,0.9,0.7,0.103,0.93,0.93,0.63,0.63
UMIC,Central Sub‐Saharan Africa,Gabon,GAB,266,0.043,0.62,0.46,0.62,0.62,0.62,0.62,0.317,0.317,0.317,0.317,0.46,0.62,0.62,0.62,0.62,0.62,0.62,0.62,0.62,0.114,0.114,0.7,0.55,0.043,0.62,0.62,0.46,0.46
UMIC,Central Asia,Georgia,GEO,268,0.043,0.62,0.46,0.62,0.62,0.62,0.62,0.317,0.317,0.317,0.317,0.46,0.62,0.62,0.62,0.62,0.62,0.62,0.62,0.62,0.114,0.114,0.7,0.55,0.043,0.62,0.62,0.46,0.46
HIC,Western Europe,Germany,DEU,276,0.103,0.93,0.63,0.93,0.93,0.93,0.93,0.736,0.736,0.736,0.736,0.63,0.93,0.93,0.93,0.93,0.93,0.93,0.93,0.93,0.224,0.224,0.9,0.7,0.103,0.93,0.93,0.63,0.63
LMIC,Western Sub‐Saharan Africa,Ghana,GHA,288,0.01,0.31,0.13,0.31,0.31,0.31,0.31,0.03,0.03,0.03,0.03,0.13,0.31,0.31,0.31,0.31,0.31,0.31,0.31,0.31,0.037,0.037,0.5,0.4,0.01,0.31,0.31,0.13,0.13
HIC,Western Europe,Greece,GRC,300,0.103,0.93,0.63,0.93,0.93,0.93,0.93,0.736,0.736,0.736,0.736,0.63,0.93,0.93,0.93,0.93,0.93,0.93,0.93,0.93,0.224,0.224,0.9,0.7,0.103,0.93,0.93,0.63,0.63
HIC,Western Europe,Greenland,GRL,304,0.103,0.93,0.63,0.93,0.93,0.93,0.93,0.736,0.736,0.736,0.736,0.63,0.93,0.93,0.93,0.93,0.93,0.93,0.93,0.93,0.224,0.224,0.9,0.7,0.103,0.93,0.93,0.63,0.63
UMIC,Caribbean,Grenada,GRD,308,0.043,0.62,0.46,0.62,0.62,0.62,0.62,0.317,0.317,0.317,0.317,0.46,0.62,0.62,0.62,0.62,0.62,0.62,0.62,0.62,0.114,0.114,0.7,0.55,0.043,0.62,0.62,0.46,0.46
HIC,Oceania,Guam,GUM,316,0.103,0.93,0.63,0.93,0.93,0.93,0.93,0.736,0.736,0.736,0.736,0.63,0.93,0.93,0.93,0.93,0.93,0.93,0.93,0.93,0.224,0.224,0.9,0.7,0.103,0.93,0.93,0.63,0.63
LMIC,Central Latin America,Guatemala,GTM,320,0.01,0.31,0.13,0.31,0.31,0.31,0.31,0.03,0.03,0.03,0.03,0.13,0.31,0.31,0.31,0.31,0.31,0.31,0.31,0.31,0.037,0.037,0.5,0.4,0.01,0.31,0.31,0.13,0.13
LIC,Western Sub‐Saharan Africa,Guinea,GIN,324,0.01,0.04,0.06,0.04,0.04,0.04,0.04,0.01,0.01,0.01,0.01,0.06,0.04,0.04,0.04,0.04,0.04,0.04,0.04,0.04,0.037,0.037,0.03,0.25,0.01,0.04,0.04,0.06,0.06
LIC,Western Sub‐Saharan Africa,Guinea-Bissau,GNB,624,0.01,0.04,0.06,0.04,0.04,0.04,0.04,0.01,0.01,0.01,0.01,0.06,0.04,0.04,0.04,0.04,0.04,0.04,0.04,0.04,0.037,0.037,0.03,0.25,0.01,0.04,0.04,0.06,0.06
UMIC,Caribbean,Guyana,GUY,328,0.043,0.62,0.46,0.62,0.62,0.62,0.62,0.317,0.317,0.317,0.317,0.46,0.62,0.62,0.62,0.62,0.62,0.62,0.62,0.62,0.114,0.114,0.7,0.55,0.043,0.62,0.62,0.46,0.46
LIC,Caribbean,Haiti,HTI,332,0.01,0.04,0.06,0.04,0.04,0.04,0.04,0.01,0.01,0.01,0.01,0.06,0.04,0.04,0.04,0.04,0.04,0.04,0.04,0.04,0.037,0.037,0.03,0.25,0.01,0.04,0.04,0.06,0.06
LMIC,Central Latin America,Honduras,HND,340,0.01,0.31,0.13,0.31,0.31,0.31,0.31,0.03,0.03,0.03,0.03,0.13,0.31,0.31,0.31,0.31,0.31,0.31,0.31,0.31,0.037,0.037,0.5,0.4,0.01,0.31,0.31,0.13,0.13
HIC,Central Europe,Hungary,HUN,348,0.103,0.93,0.63,0.93,0.93,0.93,0.93,0.736,0.736,0.736,0.736,0.63,0.93,0.93,0.93,0.93,0.93,0.93,0.93,0.93,0.224,0.224,0.9,0.7,0.103,0.93,0.93,0.63,0.63
HIC,Western Europe,Iceland,ISL,352,0.103,0.93,0.63,0.93,0.93,0.93,0.93,0.736,0.736,0.736,0.736,0.63,0.93,0.93,0.93,0.93,0.93,0.93,0.93,0.93,0.224,0.224,0.9,0.7,0.103,0.93,0.93,0.63,0.63
LMIC,South Asia,India,IND,356,0.01,0.31,0.13,0.31,0.31,0.31,0.31,0.03,0.03,0.03,0.03,0.13,0.31,0.31,0.31,0.31,0.31,0.31,0.31,0.31,0.037,0.037,0.5,0.4,0.01,0.31,0.31,0.13,0.13
LMIC,Southeast Asia,Indonesia,IDN,360,0.01,0.31,0.13,0.31,0.31,0.31,0.31,0.03,0.03,0.03,0.03,0.13,0.31,0.31,0.31,0.31,0.31,0.31,0.31,0.31,0.037,0.037,0.5,0.4,0.01,0.31,0.31,0.13,0.13
UMIC,North Africa and Middle East,Iran,IRN,364,0.043,0.62,0.46,0.62,0.62,0.62,0.62,0.317,0.317,0.317,0.317,0.46,0.62,0.62,0.62,0.62,0.62,0.62,0.62,0.62,0.114,0.114,0.7,0.55,0.043,0.62,0.62,0.46,0.46
UMIC,North Africa and Middle East,Iraq,IRQ,368,0.043,0.62,0.46,0.62,0.62,0.62,0.62,0.317,0.317,0.317,0.317,0.46,0.62,0.62,0.62,0.62,0.62,0.62,0.62,0.62,0.114,0.114,0.7,0.55,0.043,0.62,0.62,0.46,0.46
HIC,Western Europe,Ireland,IRL,372,0.103,0.93,0.63,0.93,0.93,0.93,0.93,0.736,0.736,0.736,0.736,0.63,0.93,0.93,0.93,0.93,0.93,0.93,0.93,0.93,0.224,0.224,0.9,0.7,0.103,0.93,0.93,0.63,0.63
HIC,Western Europe,Israel,ISR,376,0.103,0.93,0.63,0.93,0.93,0.93,0.93,0.736,0.736,0.736,0.736,0.63,0.93,0.93,0.93,0.93,0.93,0.93,0.93,0.93,0.224,0.224,0.9,0.7,0.103,0.93,0.93,0.63,0.63
HIC,Western Europe,Italy,ITA,380,0.103,0.93,0.63,0.93,0.93,0.93,0.93,0.736,0.736,0.736,0.736,0.63,0.93,0.93,0.93,0.93,0.93,0.93,0.93,0.93,0.224,0.224,0.9,0.7,0.103,0.93,0.93,0.63,0.63
UMIC,Caribbean,Jamaica,JAM,388,0.043,0.62,0.46,0.62,0.62,0.62,0.62,0.317,0.317,0.317,0.317,0.46,0.62,0.62,0.62,0.62,0.62,0.62,0.62,0.62,0.114,0.114,0.7,0.55,0.043,0.62,0.62,0.46,0.46
HIC,High‐income Asia Pacific,Japan,JPN,392,0.103,0.93,0.63,0.93,0.93,0.93,0.93,0.736,0.736,0.736,0.736,0.63,0.93,0.93,0.93,0.93,0.93,0.93,0.93,0.93,0.224,0.224,0.9,0.7,0.103,0.93,0.93,0.63,0.63
UMIC,North Africa and Middle East,Jordan,JOR,400,0.043,0.62,0.46,0.62,0.62,0.62,0.62,0.317,0.317,0.317,0.317,0.46,0.62,0.62,0.62,0.62,0.62,0.62,0.62,0.62,0.114,0.114,0.7,0.55,0.043,0.62,0.62,0.46,0.46
UMIC,Central Asia,Kazakhstan,KAZ,398,0.043,0.62,0.46,0.62,0.62,0.62,0.62,0.317,0.317,0.317,0.317,0.46,0.62,0.62,0.62,0.62,0.62,0.62,0.62,0.62,0.114,0.114,0.7,0.55,0.043,0.62,0.62,0.46,0.46
LMIC,Eastern Sub‐Saharan Africa,Kenya,KEN,404,0.01,0.31,0.13,0.31,0.31,0.31,0.31,0.03,0.03,0.03,0.03,0.13,0.31,0.31,0.31,0.31,0.31,0.31,0.31,0.31,0.037,0.037,0.5,0.4,0.01,0.31,0.31,0.13,0.13
LMIC,Oceania,Kiribati,KIR,296,0.01,0.31,0.13,0.31,0.31,0.31,0.31,0.03,0.03,0.03,0.03,0.13,0.31,0.31,0.31,0.31,0.31,0.31,0.31,0.31,0.037,0.037,0.5,0.4,0.01,0.31,0.31,0.13,0.13
HIC,North Africa and Middle East,Kuwait,KWT,414,0.103,0.93,0.63,0.93,0.93,0.93,0.93,0.736,0.736,0.736,0.736,0.63,0.93,0.93,0.93,0.93,0.93,0.93,0.93,0.93,0.224,0.224,0.9,0.7,0.103,0.93,0.93,0.63,0.63
LMIC,Central Asia,Kyrgyzstan,KGZ,417,0.01,0.31,0.13,0.31,0.31,0.31,0.31,0.03,0.03,0.03,0.03,0.13,0.31,0.31,0.31,0.31,0.31,0.31,0.31,0.31,0.037,0.037,0.5,0.4,0.01,0.31,0.31,0.13,0.13
LMIC,Southeast Asia,Laos,LAO,418,0.01,0.31,0.13,0.31,0.31,0.31,0.31,0.03,0.03,0.03,0.03,0.13,0.31,0.31,0.31,0.31,0.31,0.31,0.31,0.31,0.037,0.037,0.5,0.4,0.01,0.31,0.31,0.13,0.13
HIC,Eastern Europe,Latvia,LVA,428,0.103,0.93,0.63,0.93,0.93,0.93,0.93,0.736,0.736,0.736,0.736,0.63,0.93,0.93,0.93,0.93,0.93,0.93,0.93,0.93,0.224,0.224,0.9,0.7,0.103,0.93,0.93,0.63,0.63
UMIC,North Africa and Middle East,Lebanon,LBN,422,0.043,0.62,0.46,0.62,0.62,0.62,0.62,0.317,0.317,0.317,0.317,0.46,0.62,0.62,0.62,0.62,0.62,0.62,0.62,0.62,0.114,0.114,0.7,0.55,0.043,0.62,0.62,0.46,0.46
LMIC,Southern Sub‐Saharan Africa,Lesotho,LSO,426,0.01,0.31,0.13,0.31,0.31,0.31,0.31,0.03,0.03,0.03,0.03,0.13,0.31,0.31,0.31,0.31,0.31,0.31,0.31,0.31,0.037,0.037,0.5,0.4,0.01,0.31,0.31,0.13,0.13
LIC,Western Sub‐Saharan Africa,Liberia,LBR,430,0.01,0.04,0.06,0.04,0.04,0.04,0.04,0.01,0.01,0.01,0.01,0.06,0.04,0.04,0.04,0.04,0.04,0.04,0.04,0.04,0.037,0.037,0.03,0.25,0.01,0.04,0.04,0.06,0.06
UMIC,North Africa and Middle East,Libya,LBY,434,0.043,0.62,0.46,0.62,0.62,0.62,0.62,0.317,0.317,0.317,0.317,0.46,0.62,0.62,0.62,0.62,0.62,0.62,0.62,0.62,0.114,0.114,0.7,0.55,0.043,0.62,0.62,0.46,0.46
HIC,Eastern Europe,Lithuania,LTU,440,0.103,0.93,0.63,0.93,0.93,0.93,0.93,0.736,0.736,0.736,0.736,0.63,0.93,0.93,0.93,0.93,0.93,0.93,0.93,0.93,0.224,0.224,0.9,0.7,0.103,0.93,0.93,0.63,0.63
HIC,Western Europe,Luxembourg,LUX,442,0.103,0.93,0.63,0.93,0.93,0.93,0.93,0.736,0.736,0.736,0.736,0.63,0.93,0.93,0.93,0.93,0.93,0.93,0.93,0.93,0.224,0.224,0.9,0.7,0.103,0.93,0.93,0.63,0.63
LMIC,Central Europe,Macedonia,MKD,807,0.01,0.31,0.13,0.31,0.31,0.31,0.31,0.03,0.03,0.03,0.03,0.13,0.31,0.31,0.31,0.31,0.31,0.31,0.31,0.31,0.037,0.037,0.5,0.4,0.01,0.31,0.31,0.13,0.13
LIC,Eastern Sub‐Saharan Africa,Madagascar,MDG,450,0.01,0.04,0.06,0.04,0.04,0.04,0.04,0.01,0.01,0.01,0.01,0.06,0.04,0.04,0.04,0.04,0.04,0.04,0.04,0.04,0.037,0.037,0.03,0.25,0.01,0.04,0.04,0.06,0.06
LIC,Eastern Sub‐Saharan Africa,Malawi,MWI,454,0.01,0.04,0.06,0.04,0.04,0.04,0.04,0.01,0.01,0.01,0.01,0.06,0.04,0.04,0.04,0.04,0.04,0.04,0.04,0.04,0.037,0.037,0.03,0.25,0.01,0.04,0.04,0.06,0.06
UMIC,Southeast Asia,Malaysia,MYS,458,0.043,0.62,0.46,0.62,0.62,0.62,0.62,0.317,0.317,0.317,0.317,0.46,0.62,0.62,0.62,0.62,0.62,0.62,0.62,0.62,0.114,0.114,0.7,0.55,0.043,0.62,0.62,0.46,0.46
UMIC,Southeast Asia,Maldives,MDV,462,0.043,0.62,0.46,0.62,0.62,0.62,0.62,0.317,0.317,0.317,0.317,0.46,0.62,0.62,0.62,0.62,0.62,0.62,0.62,0.62,0.114,0.114,0.7,0.55,0.043,0.62,0.62,0.46,0.46
LIC,Western Sub‐Saharan Africa,Mali,MLI,466,0.01,0.04,0.06,0.04,0.04,0.04,0.04,0.01,0.01,0.01,0.01,0.06,0.04,0.04,0.04,0.04,0.04,0.04,0.04,0.04,0.037,0.037,0.03,0.25,0.01,0.04,0.04,0.06,0.06
HIC,Western Europe,Malta,MLT,470,0.103,0.93,0.63,0.93,0.93,0.93,0.93,0.736,0.736,0.736,0.736,0.63,0.93,0.93,0.93,0.93,0.93,0.93,0.93,0.93,0.224,0.224,0.9,0.7,0.103,0.93,0.93,0.63,0.63
UMIC,Oceania,Marshall Islands,MHL,584,0.043,0.62,0.46,0.62,0.62,0.62,0.62,0.317,0.317,0.317,0.317,0.46,0.62,0.62,0.62,0.62,0.62,0.62,0.62,0.62,0.114,0.114,0.7,0.55,0.043,0.62,0.62,0.46,0.46
LMIC,Western Sub‐Saharan Africa,Mauritania,MRT,478,0.01,0.31,0.13,0.31,0.31,0.31,0.31,0.03,0.03,0.03,0.03,0.13,0.31,0.31,0.31,0.31,0.31,0.31,0.31,0.31,0.037,0.037,0.5,0.4,0.01,0.31,0.31,0.13,0.13
UMIC,Southeast Asia,Mauritius,MUS,480,0.043,0.62,0.46,0.62,0.62,0.62,0.62,0.317,0.317,0.317,0.317,0.46,0.62,0.62,0.62,0.62,0.62,0.62,0.62,0.62,0.114,0.114,0.7,0.55,0.043,0.62,0.62,0.46,0.46
UMIC,Central Latin America,Mexico,MEX,484,0.043,0.62,0.46,0.62,0.62,0.62,0.62,0.317,0.317,0.317,0.317,0.46,0.62,0.62,0.62,0.62,0.62,0.62,0.62,0.62,0.114,0.114,0.7,0.55,0.043,0.62,0.62,0.46,0.46
HIC,Eastern Europe,Moldova,MDA,498,0.103,0.93,0.63,0.93,0.93,0.93,0.93,0.736,0.736,0.736,0.736,0.63,0.93,0.93,0.93,0.93,0.93,0.93,0.93,0.93,0.224,0.224,0.9,0.7,0.103,0.93,0.93,0.63,0.63
LMIC,Central Asia,Mongolia,MNG,496,0.01,0.31,0.13,0.31,0.31,0.31,0.31,0.03,0.03,0.03,0.03,0.13,0.31,0.31,0.31,0.31,0.31,0.31,0.31,0.31,0.037,0.037,0.5,0.4,0.01,0.31,0.31,0.13,0.13
UMIC,Central Europe,Montenegro,MNE,499,0.043,0.62,0.46,0.62,0.62,0.62,0.62,0.317,0.317,0.317,0.317,0.46,0.62,0.62,0.62,0.62,0.62,0.62,0.62,0.62,0.114,0.114,0.7,0.55,0.043,0.62,0.62,0.46,0.46
LMIC,North Africa and Middle East,Morocco,MAR,504,0.01,0.31,0.13,0.31,0.31,0.31,0.31,0.03,0.03,0.03,0.03,0.13,0.31,0.31,0.31,0.31,0.31,0.31,0.31,0.31,0.037,0.037,0.5,0.4,0.01,0.31,0.31,0.13,0.13
LIC,Eastern Sub‐Saharan Africa,Mozambique,MOZ,508,0.01,0.04,0.06,0.04,0.04,0.04,0.04,0.01,0.01,0.01,0.01,0.06,0.04,0.04,0.04,0.04,0.04,0.04,0.04,0.04,0.037,0.037,0.03,0.25,0.01,0.04,0.04,0.06,0.06
LMIC,Southeast Asia,Myanmar,MMR,104,0.01,0.31,0.13,0.31,0.31,0.31,0.31,0.03,0.03,0.03,0.03,0.13,0.31,0.31,0.31,0.31,0.31,0.31,0.31,0.31,0.037,0.037,0.5,0.4,0.01,0.31,0.31,0.13,0.13
UMIC,Southern Sub‐Saharan Africa,Namibia,NAM,516,0.043,0.62,0.46,0.62,0.62,0.62,0.62,0.317,0.317,0.317,0.317,0.46,0.62,0.62,0.62,0.62,0.62,0.62,0.62,0.62,0.114,0.114,0.7,0.55,0.043,0.62,0.62,0.46,0.46
LIC,South Asia,Nepal,NPL,524,0.01,0.04,0.06,0.04,0.04,0.04,0.04,0.01,0.01,0.01,0.01,0.06,0.04,0.04,0.04,0.04,0.04,0.04,0.04,0.04,0.037,0.037,0.03,0.25,0.01,0.04,0.04,0.06,0.06
HIC,Western Europe,Netherlands,NLD,528,0.103,0.93,0.63,0.93,0.93,0.93,0.93,0.736,0.736,0.736,0.736,0.63,0.93,0.93,0.93,0.93,0.93,0.93,0.93,0.93,0.224,0.224,0.9,0.7,0.103,0.93,0.93,0.63,0.63
HIC,Australasia,New Zealand,NZL,554,0.103,0.93,0.63,0.93,0.93,0.93,0.93,0.736,0.736,0.736,0.736,0.63,0.93,0.93,0.93,0.93,0.93,0.93,0.93,0.93,0.224,0.224,0.9,0.7,0.103,0.93,0.93,0.63,0.63
LMIC,Central Latin America,Nicaragua,NIC,558,0.01,0.31,0.13,0.31,0.31,0.31,0.31,0.03,0.03,0.03,0.03,0.13,0.31,0.31,0.31,0.31,0.31,0.31,0.31,0.31,0.037,0.037,0.5,0.4,0.01,0.31,0.31,0.13,0.13
LIC,Western Sub‐Saharan Africa,Niger,NER,562,0.01,0.04,0.06,0.04,0.04,0.04,0.04,0.01,0.01,0.01,0.01,0.06,0.04,0.04,0.04,0.04,0.04,0.04,0.04,0.04,0.037,0.037,0.03,0.25,0.01,0.04,0.04,0.06,0.06
LMIC,Western Sub‐Saharan Africa,Nigeria,NGA,566,0.01,0.31,0.13,0.31,0.31,0.31,0.31,0.03,0.03,0.03,0.03,0.13,0.31,0.31,0.31,0.31,0.31,0.31,0.31,0.31,0.037,0.037,0.5,0.4,0.01,0.31,0.31,0.13,0.13
LIC,East Asia,North Korea,PRK,408,0.01,0.04,0.06,0.04,0.04,0.04,0.04,0.01,0.01,0.01,0.01,0.06,0.04,0.04,0.04,0.04,0.04,0.04,0.04,0.04,0.037,0.037,0.03,0.25,0.01,0.04,0.04,0.06,0.06
HIC,Oceania,Northern Mariana Islands,MNP,580,0.103,0.93,0.63,0.93,0.93,0.93,0.93,0.736,0.736,0.736,0.736,0.63,0.93,0.93,0.93,0.93,0.93,0.93,0.93,0.93,0.224,0.224,0.9,0.7,0.103,0.93,0.93,0.63,0.63
HIC,Western Europe,Norway,NOR,578,0.103,0.93,0.63,0.93,0.93,0.93,0.93,0.736,0.736,0.736,0.736,0.63,0.93,0.93,0.93,0.93,0.93,0.93,0.93,0.93,0.224,0.224,0.9,0.7,0.103,0.93,0.93,0.63,0.63
HIC,North Africa and Middle East,Oman,OMN,512,0.103,0.93,0.63,0.93,0.93,0.93,0.93,0.736,0.736,0.736,0.736,0.63,0.93,0.93,0.93,0.93,0.93,0.93,0.93,0.93,0.224,0.224,0.9,0.7,0.103,0.93,0.93,0.63,0.63
LMIC,South Asia,Pakistan,PAK,586,0.01,0.31,0.13,0.31,0.31,0.31,0.31,0.03,0.03,0.03,0.03,0.13,0.31,0.31,0.31,0.31,0.31,0.31,0.31,0.31,0.037,0.037,0.5,0.4,0.01,0.31,0.31,0.13,0.13
LMIC,North Africa and Middle East,Palestine,PSE,NA,0.01,0.31,0.13,0.31,0.31,0.31,0.31,0.03,0.03,0.03,0.03,0.13,0.31,0.31,0.31,0.31,0.31,0.31,0.31,0.31,0.037,0.037,0.5,0.4,0.01,0.31,0.31,0.13,0.13
UMIC,Central Latin America,Panama,PAN,591,0.043,0.62,0.46,0.62,0.62,0.62,0.62,0.317,0.317,0.317,0.317,0.46,0.62,0.62,0.62,0.62,0.62,0.62,0.62,0.62,0.114,0.114,0.7,0.55,0.043,0.62,0.62,0.46,0.46
LMIC,Oceania,Papua New Guinea,PNG,598,0.01,0.31,0.13,0.31,0.31,0.31,0.31,0.03,0.03,0.03,0.03,0.13,0.31,0.31,0.31,0.31,0.31,0.31,0.31,0.31,0.037,0.037,0.5,0.4,0.01,0.31,0.31,0.13,0.13
UMIC,Tropical Latin America,Paraguay,PRY,600,0.043,0.62,0.46,0.62,0.62,0.62,0.62,0.317,0.317,0.317,0.317,0.46,0.62,0.62,0.62,0.62,0.62,0.62,0.62,0.62,0.114,0.114,0.7,0.55,0.043,0.62,0.62,0.46,0.46
UMIC,Andean Latin America,Peru,PER,604,0.043,0.62,0.46,0.62,0.62,0.62,0.62,0.317,0.317,0.317,0.317,0.46,0.62,0.62,0.62,0.62,0.62,0.62,0.62,0.62,0.114,0.114,0.7,0.55,0.043,0.62,0.62,0.46,0.46
LMIC,Southeast Asia,Philippines,PHL,608,0.01,0.31,0.13,0.31,0.31,0.31,0.31,0.03,0.03,0.03,0.03,0.13,0.31,0.31,0.31,0.31,0.31,0.31,0.31,0.31,0.037,0.037,0.5,0.4,0.01,0.31,0.31,0.13,0.13
HIC,Central Europe,Poland,POL,616,0.103,0.93,0.63,0.93,0.93,0.93,0.93,0.736,0.736,0.736,0.736,0.63,0.93,0.93,0.93,0.93,0.93,0.93,0.93,0.93,0.224,0.224,0.9,0.7,0.103,0.93,0.93,0.63,0.63
HIC,Western Europe,Portugal,PRT,620,0.103,0.93,0.63,0.93,0.93,0.93,0.93,0.736,0.736,0.736,0.736,0.63,0.93,0.93,0.93,0.93,0.93,0.93,0.93,0.93,0.224,0.224,0.9,0.7,0.103,0.93,0.93,0.63,0.63
HIC,Caribbean,Puerto Rico,PRI,630,0.103,0.93,0.63,0.93,0.93,0.93,0.93,0.736,0.736,0.736,0.736,0.63,0.93,0.93,0.93,0.93,0.93,0.93,0.93,0.93,0.224,0.224,0.9,0.7,0.103,0.93,0.93,0.63,0.63
HIC,North Africa and Middle East,Qatar,QAT,634,0.103,0.93,0.63,0.93,0.93,0.93,0.93,0.736,0.736,0.736,0.736,0.63,0.93,0.93,0.93,0.93,0.93,0.93,0.93,0.93,0.224,0.224,0.9,0.7,0.103,0.93,0.93,0.63,0.63
UMIC,Central Europe,Romania,ROU,642,0.043,0.62,0.46,0.62,0.62,0.62,0.62,0.317,0.317,0.317,0.317,0.46,0.62,0.62,0.62,0.62,0.62,0.62,0.62,0.62,0.114,0.114,0.7,0.55,0.043,0.62,0.62,0.46,0.46
UMIC,Eastern Europe,Russian Federation,RUS,643,0.043,0.62,0.46,0.62,0.62,0.62,0.62,0.317,0.317,0.317,0.317,0.46,0.62,0.62,0.62,0.62,0.62,0.62,0.62,0.62,0.114,0.114,0.7,0.55,0.043,0.62,0.62,0.46,0.46
LIC,Eastern Sub‐Saharan Africa,Rwanda,RWA,646,0.01,0.04,0.06,0.04,0.04,0.04,0.04,0.01,0.01,0.01,0.01,0.06,0.04,0.04,0.04,0.04,0.04,0.04,0.04,0.04,0.037,0.037,0.03,0.25,0.01,0.04,0.04,0.06,0.06
UMIC,Caribbean,Saint Lucia,LCA,662,0.043,0.62,0.46,0.62,0.62,0.62,0.62,0.317,0.317,0.317,0.317,0.46,0.62,0.62,0.62,0.62,0.62,0.62,0.62,0.62,0.114,0.114,0.7,0.55,0.043,0.62,0.62,0.46,0.46
UMIC,Caribbean,Saint Vincent and the Grenadines,VCT,670,0.043,0.62,0.46,0.62,0.62,0.62,0.62,0.317,0.317,0.317,0.317,0.46,0.62,0.62,0.62,0.62,0.62,0.62,0.62,0.62,0.114,0.114,0.7,0.55,0.043,0.62,0.62,0.46,0.46
LMIC,Oceania,Samoa,WSM,882,0.01,0.31,0.13,0.31,0.31,0.31,0.31,0.03,0.03,0.03,0.03,0.13,0.31,0.31,0.31,0.31,0.31,0.31,0.31,0.31,0.037,0.037,0.5,0.4,0.01,0.31,0.31,0.13,0.13
LMIC,Western Sub‐Saharan Africa,Sao Tome and Principe,STP,678,0.01,0.31,0.13,0.31,0.31,0.31,0.31,0.03,0.03,0.03,0.03,0.13,0.31,0.31,0.31,0.31,0.31,0.31,0.31,0.31,0.037,0.037,0.5,0.4,0.01,0.31,0.31,0.13,0.13
HIC,North Africa and Middle East,Saudi Arabia,SAU,682,0.103,0.93,0.63,0.93,0.93,0.93,0.93,0.736,0.736,0.736,0.736,0.63,0.93,0.93,0.93,0.93,0.93,0.93,0.93,0.93,0.224,0.224,0.9,0.7,0.103,0.93,0.93,0.63,0.63
LIC,Western Sub‐Saharan Africa,Senegal,SEN,686,0.01,0.04,0.06,0.04,0.04,0.04,0.04,0.01,0.01,0.01,0.01,0.06,0.04,0.04,0.04,0.04,0.04,0.04,0.04,0.04,0.037,0.037,0.03,0.25,0.01,0.04,0.04,0.06,0.06
UMIC,Central Europe,Serbia,SRB,688,0.043,0.62,0.46,0.62,0.62,0.62,0.62,0.317,0.317,0.317,0.317,0.46,0.62,0.62,0.62,0.62,0.62,0.62,0.62,0.62,0.114,0.114,0.7,0.55,0.043,0.62,0.62,0.46,0.46
HIC,Southeast Asia,Seychelles,SYC,690,0.103,0.93,0.63,0.93,0.93,0.93,0.93,0.736,0.736,0.736,0.736,0.63,0.93,0.93,0.93,0.93,0.93,0.93,0.93,0.93,0.224,0.224,0.9,0.7,0.103,0.93,0.93,0.63,0.63
LIC,Western Sub‐Saharan Africa,Sierra Leone,SLE,694,0.01,0.04,0.06,0.04,0.04,0.04,0.04,0.01,0.01,0.01,0.01,0.06,0.04,0.04,0.04,0.04,0.04,0.04,0.04,0.04,0.037,0.037,0.03,0.25,0.01,0.04,0.04,0.06,0.06
HIC,High‐income Asia Pacific,Singapore,SGP,702,0.103,0.93,0.63,0.93,0.93,0.93,0.93,0.736,0.736,0.736,0.736,0.63,0.93,0.93,0.93,0.93,0.93,0.93,0.93,0.93,0.224,0.224,0.9,0.7,0.103,0.93,0.93,0.63,0.63
HIC,Central Europe,Slovakia,SVK,703,0.103,0.93,0.63,0.93,0.93,0.93,0.93,0.736,0.736,0.736,0.736,0.63,0.93,0.93,0.93,0.93,0.93,0.93,0.93,0.93,0.224,0.224,0.9,0.7,0.103,0.93,0.93,0.63,0.63
HIC,Central Europe,Slovenia,SVN,705,0.103,0.93,0.63,0.93,0.93,0.93,0.93,0.736,0.736,0.736,0.736,0.63,0.93,0.93,0.93,0.93,0.93,0.93,0.93,0.93,0.224,0.224,0.9,0.7,0.103,0.93,0.93,0.63,0.63
LMIC,Oceania,Solomon Islands,SLB,90,0.01,0.31,0.13,0.31,0.31,0.31,0.31,0.03,0.03,0.03,0.03,0.13,0.31,0.31,0.31,0.31,0.31,0.31,0.31,0.31,0.037,0.037,0.5,0.4,0.01,0.31,0.31,0.13,0.13
LIC,Eastern Sub‐Saharan Africa,Somalia,SOM,706,0.01,0.04,0.06,0.04,0.04,0.04,0.04,0.01,0.01,0.01,0.01,0.06,0.04,0.04,0.04,0.04,0.04,0.04,0.04,0.04,0.037,0.037,0.03,0.25,0.01,0.04,0.04,0.06,0.06
UMIC,Southern Sub‐Saharan Africa,South Africa,ZAF,710,0.043,0.62,0.46,0.62,0.62,0.62,0.62,0.317,0.317,0.317,0.317,0.46,0.62,0.62,0.62,0.62,0.62,0.62,0.62,0.62,0.114,0.114,0.7,0.55,0.043,0.62,0.62,0.46,0.46
HIC,High‐income Asia Pacific,South Korea,KOR,410,0.103,0.93,0.63,0.93,0.93,0.93,0.93,0.736,0.736,0.736,0.736,0.63,0.93,0.93,0.93,0.93,0.93,0.93,0.93,0.93,0.224,0.224,0.9,0.7,0.103,0.93,0.93,0.63,0.63
LIC,Eastern Sub‐Saharan Africa,South Sudan,SSD,728,0.01,0.04,0.06,0.04,0.04,0.04,0.04,0.01,0.01,0.01,0.01,0.06,0.04,0.04,0.04,0.04,0.04,0.04,0.04,0.04,0.037,0.037,0.03,0.25,0.01,0.04,0.04,0.06,0.06
HIC,Western Europe,Spain,ESP,724,0.103,0.93,0.63,0.93,0.93,0.93,0.93,0.736,0.736,0.736,0.736,0.63,0.93,0.93,0.93,0.93,0.93,0.93,0.93,0.93,0.224,0.224,0.9,0.7,0.103,0.93,0.93,0.63,0.63
LMIC,Southeast Asia,Sri Lanka,LKA,144,0.01,0.31,0.13,0.31,0.31,0.31,0.31,0.03,0.03,0.03,0.03,0.13,0.31,0.31,0.31,0.31,0.31,0.31,0.31,0.31,0.037,0.037,0.5,0.4,0.01,0.31,0.31,0.13,0.13
LMIC,North Africa and Middle East,Sudan,SDN,729,0.01,0.31,0.13,0.31,0.31,0.31,0.31,0.03,0.03,0.03,0.03,0.13,0.31,0.31,0.31,0.31,0.31,0.31,0.31,0.31,0.037,0.037,0.5,0.4,0.01,0.31,0.31,0.13,0.13
UMIC,Caribbean,Suriname,SUR,740,0.043,0.62,0.46,0.62,0.62,0.62,0.62,0.317,0.317,0.317,0.317,0.46,0.62,0.62,0.62,0.62,0.62,0.62,0.62,0.62,0.114,0.114,0.7,0.55,0.043,0.62,0.62,0.46,0.46
LMIC,Southern Sub‐Saharan Africa,Swaziland,SWZ,748,0.01,0.31,0.13,0.31,0.31,0.31,0.31,0.03,0.03,0.03,0.03,0.13,0.31,0.31,0.31,0.31,0.31,0.31,0.31,0.31,0.037,0.037,0.5,0.4,0.01,0.31,0.31,0.13,0.13
HIC,Western Europe,Sweden,SWE,752,0.103,0.93,0.63,0.93,0.93,0.93,0.93,0.736,0.736,0.736,0.736,0.63,0.93,0.93,0.93,0.93,0.93,0.93,0.93,0.93,0.224,0.224,0.9,0.7,0.103,0.93,0.93,0.63,0.63
HIC,Western Europe,Switzerland,CHE,756,0.103,0.93,0.63,0.93,0.93,0.93,0.93,0.736,0.736,0.736,0.736,0.63,0.93,0.93,0.93,0.93,0.93,0.93,0.93,0.93,0.224,0.224,0.9,0.7,0.103,0.93,0.93,0.63,0.63
LMIC,North Africa and Middle East,Syria,SYR,760,0.01,0.31,0.13,0.31,0.31,0.31,0.31,0.03,0.03,0.03,0.03,0.13,0.31,0.31,0.31,0.31,0.31,0.31,0.31,0.31,0.037,0.037,0.5,0.4,0.01,0.31,0.31,0.13,0.13
HIC,East Asia,Taiwan,TWN,158,0.103,0.93,0.63,0.93,0.93,0.93,0.93,0.736,0.736,0.736,0.736,0.63,0.93,0.93,0.93,0.93,0.93,0.93,0.93,0.93,0.224,0.224,0.9,0.7,0.103,0.93,0.93,0.63,0.63
LMIC,Central Asia,Tajikistan,TJK,762,0.01,0.31,0.13,0.31,0.31,0.31,0.31,0.03,0.03,0.03,0.03,0.13,0.31,0.31,0.31,0.31,0.31,0.31,0.31,0.31,0.037,0.037,0.5,0.4,0.01,0.31,0.31,0.13,0.13
LIC,Eastern Sub‐Saharan Africa,Tanzania,TZA,834,0.01,0.04,0.06,0.04,0.04,0.04,0.04,0.01,0.01,0.01,0.01,0.06,0.04,0.04,0.04,0.04,0.04,0.04,0.04,0.04,0.037,0.037,0.03,0.25,0.01,0.04,0.04,0.06,0.06
UMIC,Southeast Asia,Thailand,THA,764,0.043,0.62,0.46,0.62,0.62,0.62,0.62,0.317,0.317,0.317,0.317,0.46,0.62,0.62,0.62,0.62,0.62,0.62,0.62,0.62,0.114,0.114,0.7,0.55,0.043,0.62,0.62,0.46,0.46
HIC,Caribbean,The Bahamas,BHS,44,0.103,0.93,0.63,0.93,0.93,0.93,0.93,0.736,0.736,0.736,0.736,0.63,0.93,0.93,0.93,0.93,0.93,0.93,0.93,0.93,0.224,0.224,0.9,0.7,0.103,0.93,0.93,0.63,0.63
LIC,Western Sub‐Saharan Africa,The Gambia,GMB,270,0.01,0.04,0.06,0.04,0.04,0.04,0.04,0.01,0.01,0.01,0.01,0.06,0.04,0.04,0.04,0.04,0.04,0.04,0.04,0.04,0.037,0.037,0.03,0.25,0.01,0.04,0.04,0.06,0.06
LMIC,Southeast Asia,Timor-Leste,TLS,626,0.01,0.31,0.13,0.31,0.31,0.31,0.31,0.03,0.03,0.03,0.03,0.13,0.31,0.31,0.31,0.31,0.31,0.31,0.31,0.31,0.037,0.037,0.5,0.4,0.01,0.31,0.31,0.13,0.13
LIC,Western Sub‐Saharan Africa,Togo,TGO,768,0.01,0.04,0.06,0.04,0.04,0.04,0.04,0.01,0.01,0.01,0.01,0.06,0.04,0.04,0.04,0.04,0.04,0.04,0.04,0.04,0.037,0.037,0.03,0.25,0.01,0.04,0.04,0.06,0.06
LMIC,Oceania,Tonga,TON,776,0.01,0.31,0.13,0.31,0.31,0.31,0.31,0.03,0.03,0.03,0.03,0.13,0.31,0.31,0.31,0.31,0.31,0.31,0.31,0.31,0.037,0.037,0.5,0.4,0.01,0.31,0.31,0.13,0.13
HIC,Caribbean,Trinidad and Tobago,TTO,780,0.103,0.93,0.63,0.93,0.93,0.93,0.93,0.736,0.736,0.736,0.736,0.63,0.93,0.93,0.93,0.93,0.93,0.93,0.93,0.93,0.224,0.224,0.9,0.7,0.103,0.93,0.93,0.63,0.63
LMIC,North Africa and Middle East,Tunisia,TUN,788,0.01,0.31,0.13,0.31,0.31,0.31,0.31,0.03,0.03,0.03,0.03,0.13,0.31,0.31,0.31,0.31,0.31,0.31,0.31,0.31,0.037,0.037,0.5,0.4,0.01,0.31,0.31,0.13,0.13
UMIC,North Africa and Middle East,Turkey,TUR,792,0.043,0.62,0.46,0.62,0.62,0.62,0.62,0.317,0.317,0.317,0.317,0.46,0.62,0.62,0.62,0.62,0.62,0.62,0.62,0.62,0.114,0.114,0.7,0.55,0.043,0.62,0.62,0.46,0.46
UMIC,Central Asia,Turkmenistan,TKM,795,0.043,0.62,0.46,0.62,0.62,0.62,0.62,0.317,0.317,0.317,0.317,0.46,0.62,0.62,0.62,0.62,0.62,0.62,0.62,0.62,0.114,0.114,0.7,0.55,0.043,0.62,0.62,0.46,0.46
LIC,Eastern Sub‐Saharan Africa,Uganda,UGA,800,0.01,0.04,0.06,0.04,0.04,0.04,0.04,0.01,0.01,0.01,0.01,0.06,0.04,0.04,0.04,0.04,0.04,0.04,0.04,0.04,0.037,0.037,0.03,0.25,0.01,0.04,0.04,0.06,0.06
LMIC,Eastern Europe,Ukraine,UKR,804,0.01,0.31,0.13,0.31,0.31,0.31,0.31,0.03,0.03,0.03,0.03,0.13,0.31,0.31,0.31,0.31,0.31,0.31,0.31,0.31,0.037,0.037,0.5,0.4,0.01,0.31,0.31,0.13,0.13
HIC,North Africa and Middle East,United Arab Emirates,ARE,784,0.103,0.93,0.63,0.93,0.93,0.93,0.93,0.736,0.736,0.736,0.736,0.63,0.93,0.93,0.93,0.93,0.93,0.93,0.93,0.93,0.224,0.224,0.9,0.7,0.103,0.93,0.93,0.63,0.63
HIC,Western Europe,United Kingdom,GBR,826,0.103,0.93,0.63,0.93,0.93,0.93,0.93,0.736,0.736,0.736,0.736,0.63,0.93,0.93,0.93,0.93,0.93,0.93,0.93,0.93,0.224,0.224,0.9,0.7,0.103,0.93,0.93,0.63,0.63
HIC,High‐income North America,United States,USA,840,0.103,0.93,0.63,0.93,0.93,0.93,0.93,0.736,0.736,0.736,0.736,0.63,0.93,0.93,0.93,0.93,0.93,0.93,0.93,0.93,0.224,0.224,0.9,0.7,0.103,0.93,0.93,0.63,0.63
HIC,Southern Latin America,Uruguay,URY,858,0.103,0.93,0.63,0.93,0.93,0.93,0.93,0.736,0.736,0.736,0.736,0.63,0.93,0.93,0.93,0.93,0.93,0.93,0.93,0.93,0.224,0.224,0.9,0.7,0.103,0.93,0.93,0.63,0.63
LMIC,Central Asia,Uzbekistan,UZB,860,0.01,0.31,0.13,0.31,0.31,0.31,0.31,0.03,0.03,0.03,0.03,0.13,0.31,0.31,0.31,0.31,0.31,0.31,0.31,0.31,0.037,0.037,0.5,0.4,0.01,0.31,0.31,0.13,0.13
LMIC,Oceania,Vanuatu,VUT,548,0.01,0.31,0.13,0.31,0.31,0.31,0.31,0.03,0.03,0.03,0.03,0.13,0.31,0.31,0.31,0.31,0.31,0.31,0.31,0.31,0.037,0.037,0.5,0.4,0.01,0.31,0.31,0.13,0.13
UMIC,Central Latin America,Venezuela,VEN,862,0.043,0.62,0.46,0.62,0.62,0.62,0.62,0.317,0.317,0.317,0.317,0.46,0.62,0.62,0.62,0.62,0.62,0.62,0.62,0.62,0.114,0.114,0.7,0.55,0.043,0.62,0.62,0.46,0.46
LMIC,Southeast Asia,Vietnam,VNM,704,0.01,0.31,0.13,0.31,0.31,0.31,0.31,0.03,0.03,0.03,0.03,0.13,0.31,0.31,0.31,0.31,0.31,0.31,0.31,0.31,0.037,0.037,0.5,0.4,0.01,0.31,0.31,0.13,0.13
HIC,Caribbean,"Virgin Islands, U.S.",VIR,850,0.103,0.93,0.63,0.93,0.93,0.93,0.93,0.736,0.736,0.736,0.736,0.63,0.93,0.93,0.93,0.93,0.93,0.93,0.93,0.93,0.224,0.224,0.9,0.7,0.103,0.93,0.93,0.63,0.63
LMIC,North Africa and Middle East,Yemen,YEM,887,0.01,0.31,0.13,0.31,0.31,0.31,0.31,0.03,0.03,0.03,0.03,0.13,0.31,0.31,0.31,0.31,0.31,0.31,0.31,0.31,0.037,0.037,0.5,0.4,0.01,0.31,0.31,0.13,0.13
LMIC,Eastern Sub‐Saharan Africa,Zambia,ZMB,894,0.01,0.31,0.13,0.31,0.31,0.31,0.31,0.03,0.03,0.03,0.03,0.13,0.31,0.31,0.31,0.31,0.31,0.31,0.31,0.31,0.037,0.037,0.5,0.4,0.01,0.31,0.31,0.13,0.13
LIC,Southern Sub‐Saharan Africa,Zimbabwe,ZWE,716,0.01,0.04,0.06,0.04,0.04,0.04,0.04,0.01,0.01,0.01,0.01,0.06,0.04,0.04,0.04,0.04,0.04,0.04,0.04,0.04,0.037,0.037,0.03,0.25,0.01,0.04,0.04,0.06,0.06
