"","Country","year_id","Region","sum_increment","DALY.ave","ICER"
"1","Afghanistan",2023,"South Asia",2248229.54196521,0,Inf
"2","Afghanistan",2024,"South Asia",4681261.80467514,50636.5438439002,92.4482883173523
"3","Afghanistan",2025,"South Asia",7310196.31536049,74483.6936005999,98.1449222236425
"4","Afghanistan",2026,"South Asia",10152088.169545,98595.4022120843,102.9671560922
"5","Afghanistan",2027,"South Asia",13221245.9633601,123154.099681512,107.355305244011
"6","Afghanistan",2028,"South Asia",16530257.9820542,148242.086484578,111.508535626108
"7","Afghanistan",2029,"South Asia",20088832.664072,173949.056346331,115.486873490565
"8","Afghanistan",2030,"South Asia",23904911.0953681,200373.323079332,119.301864779193
"9","Albania",2023,"Central and Eastern Europe",453.353140605215,0,Inf
"10","Albania",2024,"Central and Eastern Europe",932.004863572523,15249.0893005048,0.0611187229090247
"11","Albania",2025,"Central and Eastern Europe",1420.34619472299,15122.93941076,0.0939199818331888
"12","Albania",2026,"Central and Eastern Europe",1920.24510243041,14959.5325449519,0.128362640788424
"13","Albania",2027,"Central and Eastern Europe",2434.33700350739,14829.4043751184,0.16415608758986
"14","Albania",2028,"Central and Eastern Europe",2963.81404614331,14738.2260626164,0.201097067825622
"15","Albania",2029,"Central and Eastern Europe",3507.61845207738,14684.8711442846,0.238859327917396
"16","Albania",2030,"Central and Eastern Europe",4064.20823129202,14666.1096776395,0.277115630567557
"17","Algeria",2023,"Central Asia, Middle East and North Africa",11271931.8318126,0,Inf
"18","Algeria",2024,"Central Asia, Middle East and North Africa",23291015.7399395,173557.320449126,134.19782974102
"19","Algeria",2025,"Central Asia, Middle East and North Africa",35894928.6480409,203529.372993646,176.362399785714
"20","Algeria",2026,"Central Asia, Middle East and North Africa",49120748.8689869,233811.994315367,210.086522775784
"21","Algeria",2027,"Central Asia, Middle East and North Africa",62846677.1426485,264508.73249808,237.59774034343
"22","Algeria",2028,"Central Asia, Middle East and North Africa",77057902.8685366,295698.453507568,260.596232257821
"23","Algeria",2029,"Central Asia, Middle East and North Africa",91799234.0395111,327573.924594146,280.239747877514
"24","Algeria",2030,"Central Asia, Middle East and North Africa",107119496.591167,360216.667241856,297.375180919226
"25","Angola",2023,"Sub-Saharan Africa",7059188.61952161,0,Inf
"26","Angola",2024,"Sub-Saharan Africa",14961562.9949973,133276.075977236,112.259930263499
"27","Angola",2025,"Sub-Saharan Africa",23474878.3698968,154021.845336351,152.412654962241
"28","Angola",2026,"Sub-Saharan Africa",32800009.8917301,174037.014154129,188.465712602274
"29","Angola",2027,"Sub-Saharan Africa",42884565.7139274,193733.929302129,221.358054670169
"30","Angola",2028,"Sub-Saharan Africa",53745189.2654571,213256.461582165,252.021387144463
"31","Angola",2029,"Sub-Saharan Africa",65374647.2758078,230103.57200289,284.109658562739
"32","Angola",2030,"Sub-Saharan Africa",77755356.2855472,243582.432195544,319.215780812659
"33","Argentina",2023,"Latin America and Caribbean",424975786.466507,0,Inf
"34","Argentina",2024,"Latin America and Caribbean",867745570.646901,87762.8886453416,9887.38616106342
"35","Argentina",2025,"Latin America and Caribbean",1328141700.94555,156927.708372747,8463.39830433801
"36","Argentina",2026,"Latin America and Caribbean",1807582749.99935,220583.999736836,8194.53247813015
"37","Argentina",2027,"Latin America and Caribbean",2304821946.29107,279526.9036318,8245.43869067803
"38","Argentina",2028,"Latin America and Caribbean",2819916980.83497,334349.930873122,8434.02890340379
"39","Argentina",2029,"Latin America and Caribbean",3351881989.97718,367363.643408521,9124.15273018666
"40","Argentina",2030,"Latin America and Caribbean",3899259984.16527,372451.89324576,10469.1640850175
"41","Armenia",2023,"Central Asia, Middle East and North Africa",835232.420709921,0,Inf
"42","Armenia",2024,"Central Asia, Middle East and North Africa",1694677.86307154,11430.0694244629,148.264879253012
"43","Armenia",2025,"Central Asia, Middle East and North Africa",2567870.70859501,15502.1723522012,165.645862415559
"44","Armenia",2026,"Central Asia, Middle East and North Africa",3457993.83778572,19498.0684624046,177.350584467036
"45","Armenia",2027,"Central Asia, Middle East and North Africa",4357182.61146776,23445.4290882864,185.843585760802
"46","Armenia",2028,"Central Asia, Middle East and North Africa",5264476.28127048,27373.5659212847,192.319710789927
"47","Armenia",2029,"Central Asia, Middle East and North Africa",6180928.1545093,31332.2608982423,197.270416411477
"48","Armenia",2030,"Central Asia, Middle East and North Africa",7107656.40020287,35386.4210514081,200.858300698935
"49","Azerbaijan",2023,"Central Asia, Middle East and North Africa",2746935.34024125,0,Inf
"50","Azerbaijan",2024,"Central Asia, Middle East and North Africa",5645339.5330693,59244.1328742028,95.2894279853237
"51","Azerbaijan",2025,"Central Asia, Middle East and North Africa",8660520.32835512,76856.122377084,112.684846183931
"52","Azerbaijan",2026,"Central Asia, Middle East and North Africa",11793619.3571907,94369.851718943,124.972320527906
"53","Azerbaijan",2027,"Central Asia, Middle East and North Africa",15028039.5027583,111965.280559456,134.220531826186
"54","Azerbaijan",2028,"Central Asia, Middle East and North Africa",18360469.6526797,129711.844670307,141.548134631398
"55","Azerbaijan",2029,"Central Asia, Middle East and North Africa",21789826.8856119,147662.234371365,147.565333670973
"56","Azerbaijan",2030,"Central Asia, Middle East and North Africa",25315626.1173068,165861.298530921,152.631303031716
"57","Bangladesh",2023,"South Asia",187501055.101468,0,Inf
"58","Bangladesh",2024,"South Asia",388078967.362297,578483.581206501,670.855630081858
"59","Bangladesh",2025,"South Asia",601380912.203568,838330.970083547,717.354998997157
"60","Bangladesh",2026,"South Asia",829078810.658365,1100299.10656734,753.503120842193
"61","Bangladesh",2027,"South Asia",1071155606.56942,1366195.4107151,784.042749791376
"62","Bangladesh",2028,"South Asia",1328211263.36691,1637057.1608222,811.340798081735
"63","Bangladesh",2029,"South Asia",1600907059.25829,1913773.20991489,836.518690388339
"64","Bangladesh",2030,"South Asia",1890001798.62302,2197111.30290076,860.221235095247
"65","Belarus",2023,"Central and Eastern Europe",2025.81918967889,0,Inf
"66","Belarus",2024,"Central and Eastern Europe",4092.65181891279,13522.8172463091,0.302647868736807
"67","Belarus",2025,"Central and Eastern Europe",6204.76762720865,15365.4252583178,0.403813595972541
"68","Belarus",2026,"Central and Eastern Europe",8363.04133154718,17000.2479992918,0.491936431274155
"69","Belarus",2027,"Central and Eastern Europe",10585.9441499851,18499.1865492482,0.572238358795039
"70","Belarus",2028,"Central and Eastern Europe",12873.6550684145,19883.6214224102,0.647450220205112
"71","Belarus",2029,"Central and Eastern Europe",15206.6548518498,21156.9539719262,0.718754451705472
"72","Belarus",2030,"Central and Eastern Europe",17563.352090516,22152.2836584295,0.79284611741746
"73","Belize",2023,"Latin America and Caribbean",166258.445152447,0,Inf
"74","Belize",2024,"Latin America and Caribbean",354156.817138439,2024.6384642461,174.923485546993
"75","Belize",2025,"Latin America and Caribbean",557695.183765236,2339.39022645677,238.393397329833
"76","Belize",2026,"Latin America and Caribbean",778524.678559137,2643.93559332586,294.456748690998
"77","Belize",2027,"Latin America and Caribbean",1016978.32467047,2944.91253180884,345.333966182628
"78","Belize",2028,"Latin America and Caribbean",1274074.95506723,3242.4393989575,392.937168070701
"79","Belize",2029,"Latin America and Caribbean",1550736.90019633,3503.72270569535,442.596926313714
"80","Belize",2030,"Latin America and Caribbean",1848141.26632438,3719.43265797025,496.887949393049
"81","Benin",2023,"Sub-Saharan Africa",6146066.28739579,0,Inf
"82","Benin",2024,"Sub-Saharan Africa",12797690.8489871,70281.5289188169,182.091810549111
"83","Benin",2025,"Sub-Saharan Africa",19913541.3051589,82811.5313352358,240.468217216577
"84","Benin",2026,"Sub-Saharan Africa",27551712.4262144,95261.907091284,289.220668234294
"85","Benin",2027,"Sub-Saharan Africa",35718399.1213625,107888.627199467,331.067324226172
"86","Benin",2028,"Sub-Saharan Africa",44435195.4660538,120755.753217999,367.975804729033
"87","Benin",2029,"Sub-Saharan Africa",53721491.3474601,133918.10561729,401.151816625789
"88","Benin",2030,"Sub-Saharan Africa",63597547.0269667,147421.020746574,431.400805020167
"89","Bhutan",2023,"South Asia",348627.551954772,0,Inf
"90","Bhutan",2024,"South Asia",725936.630421035,4523.23169150499,160.490702208424
"91","Bhutan",2025,"South Asia",1127673.04776233,5483.22536606318,205.658708602739
"92","Bhutan",2026,"South Asia",1557339.5200809,6436.12746419564,241.968408603532
"93","Bhutan",2027,"South Asia",2012740.14684753,7384.45913578031,272.564328658153
"94","Bhutan",2028,"South Asia",2494416.36016897,8330.52585859095,299.430840562913
"95","Bhutan",2029,"South Asia",3003980.43897101,9279.85742215072,323.70976215654
"96","Bhutan",2030,"South Asia",3542912.21740917,10235.7789056521,346.130201723368
"97","Bolivia",2023,"Latin America and Caribbean",3315057.30257875,0,Inf
"98","Bolivia",2024,"Latin America and Caribbean",6947054.24945194,75904.9957769593,91.5230174027714
"99","Bolivia",2025,"Latin America and Caribbean",10828125.5158563,83863.4462118994,129.116152566598
"100","Bolivia",2026,"Latin America and Caribbean",14970210.824714,91539.5053602636,163.538253410887
"101","Bolivia",2027,"Latin America and Caribbean",19381566.0248755,99177.7087365811,195.42260324196
"102","Bolivia",2028,"Latin America and Caribbean",24072267.872607,106802.426630005,225.390645439176
"103","Bolivia",2029,"Latin America and Caribbean",29050397.2894207,114414.12941595,253.905679636896
"104","Bolivia",2030,"Latin America and Caribbean",34328100.8009064,122015.396870582,281.342368925106
"105","Bosnia and Herzegovina",2023,"Central and Eastern Europe",7261128.24146723,0,Inf
"106","Bosnia and Herzegovina",2024,"Central and Eastern Europe",15285530.5711838,28921.4200124962,528.519366081588
"107","Bosnia and Herzegovina",2025,"Central and Eastern Europe",23681403.3797879,36534.132284185,648.199420628888
"108","Bosnia and Herzegovina",2026,"Central and Eastern Europe",32571143.760288,43501.6278289128,748.733906887043
"109","Bosnia and Herzegovina",2027,"Central and Eastern Europe",41861313.0088316,49958.4213130384,837.923054984653
"110","Bosnia and Herzegovina",2028,"Central and Eastern Europe",51531517.6620412,55942.8095055215,921.146401432611
"111","Bosnia and Herzegovina",2029,"Central and Eastern Europe",61528775.9233358,60893.1009961688,1010.43919453547
"112","Bosnia and Herzegovina",2030,"Central and Eastern Europe",71784318.6600948,64739.1028076042,1108.82473724463
"113","Botswana",2023,"Sub-Saharan Africa",358.970836051825,0,Inf
"114","Botswana",2024,"Sub-Saharan Africa",755.305604253424,4123.07481881274,0.183189885569653
"115","Botswana",2025,"Sub-Saharan Africa",1183.81057890785,4110.80255286634,0.287975538519215
"116","Botswana",2026,"Sub-Saharan Africa",1643.40996969276,4091.31171870238,0.401682903353547
"117","Botswana",2027,"Sub-Saharan Africa",2134.71772532764,4077.57028834934,0.523526898218548
"118","Botswana",2028,"Sub-Saharan Africa",2658.4994291937,4070.43141029811,0.653124733282017
"119","Botswana",2029,"Sub-Saharan Africa",3216.63340663695,4070.7496777164,0.790182069962458
"120","Botswana",2030,"Sub-Saharan Africa",3811.14202362867,4064.24724929709,0.937723959655211
"121","Brazil",2023,"Latin America and Caribbean",61211.2656216619,0,Inf
"122","Brazil",2024,"Latin America and Caribbean",126814.960899341,733756.058689585,0.17282986545395
"123","Brazil",2025,"Latin America and Caribbean",195429.514523691,740699.938314865,0.263844378019397
"124","Brazil",2026,"Latin America and Caribbean",266839.803837032,746468.4144847,0.357469651306326
"125","Brazil",2027,"Latin America and Caribbean",340900.269217027,752083.339103222,0.45327459271138
"126","Brazil",2028,"Latin America and Caribbean",417530.199833422,757597.546972198,0.551124012349454
"127","Brazil",2029,"Latin America and Caribbean",496741.465139871,763080.99214618,0.650968206851512
"128","Brazil",2030,"Latin America and Caribbean",578539.829071641,764133.620477075,0.757118668212032
"129","Bulgaria",2023,"Central and Eastern Europe",64782415.6192216,0,Inf
"130","Bulgaria",2024,"Central and Eastern Europe",131540707.659558,42515.8946624789,3093.91837344175
"131","Bulgaria",2025,"Central and Eastern Europe",199783556.544881,75775.8936796972,2636.50544841294
"132","Bulgaria",2026,"Central and Eastern Europe",270881452.707912,104862.681097895,2583.2016678558
"133","Bulgaria",2027,"Central and Eastern Europe",343667045.517583,130324.112395481,2637.01811737411
"134","Bulgaria",2028,"Central and Eastern Europe",417732971.350684,152606.564754036,2737.3198002587
"135","Bulgaria",2029,"Central and Eastern Europe",492242717.11618,166101.226309012,2963.51043309229
"136","Bulgaria",2030,"Central and Eastern Europe",565516234.330902,162218.306949722,3486.14311765798
"137","Burkina Faso",2023,"Sub-Saharan Africa",3530123.64361351,0,Inf
"138","Burkina Faso",2024,"Sub-Saharan Africa",7377061.91690588,96606.795230364,76.3617289996515
"139","Burkina Faso",2025,"Sub-Saharan Africa",11517664.4649237,112288.828953169,102.571774701892
"140","Burkina Faso",2026,"Sub-Saharan Africa",16046366.9392476,127976.379419036,125.385379802835
"141","Burkina Faso",2027,"Sub-Saharan Africa",20935216.0501513,143873.956693657,145.510810512618
"142","Burkina Faso",2028,"Sub-Saharan Africa",26194622.3474868,160080.339000305,163.634225858535
"143","Burkina Faso",2029,"Sub-Saharan Africa",31833385.1411091,176700.258333938,180.15471760629
"144","Burkina Faso",2030,"Sub-Saharan Africa",37859175.1000749,193839.329321579,195.312144509469
"145","Burundi",2023,"Sub-Saharan Africa",4222217.73867974,0,Inf
"146","Burundi",2024,"Sub-Saharan Africa",8797545.99501755,58957.3630169921,149.21878362304
"147","Burundi",2025,"Sub-Saharan Africa",13721702.4819822,71172.3179243158,192.79549805549
"148","Burundi",2026,"Sub-Saharan Africa",19028062.3577055,83675.2912268093,227.403598824989
"149","Burundi",2027,"Sub-Saharan Africa",24721525.7527543,96645.6113383028,255.795637385105
"150","Burundi",2028,"Sub-Saharan Africa",30816891.2039463,110132.228069788,279.81719560253
"151","Burundi",2029,"Sub-Saharan Africa",37328303.0877671,124171.964603673,300.617802149706
"152","Burundi",2030,"Sub-Saharan Africa",44271090.8736461,138795.893675626,318.965422544201
"153","Cambodia",2023,"East and South East Asia",1851428.17545012,0,Inf
"154","Cambodia",2024,"East and South East Asia",3860893.76624981,137836.734256251,28.0106300187877
"155","Cambodia",2025,"East and South East Asia",5988845.10586582,147654.809260951,40.5597700192869
"156","Cambodia",2026,"East and South East Asia",8241485.2015523,157683.85604982,52.2658781184829
"157","Cambodia",2027,"East and South East Asia",10606872.7596371,168167.183418101,63.0733805731054
"158","Cambodia",2028,"East and South East Asia",13079666.6539374,179115.461091793,73.0236606835094
"159","Cambodia",2029,"East and South East Asia",15656891.4950729,190480.379626224,82.1968725902169
"160","Cambodia",2030,"East and South East Asia",18335885.4487841,202212.611079938,90.6762706384101
"161","Cameroon",2023,"Sub-Saharan Africa",5584568.44682406,0,Inf
"162","Cameroon",2024,"Sub-Saharan Africa",11783123.7178083,155969.90191678,75.547420194541
"163","Cameroon",2025,"Sub-Saharan Africa",18408348.1367214,176669.308040131,104.196639138587
"164","Cameroon",2026,"Sub-Saharan Africa",25667308.7292626,197085.335943911,130.234492618808
"165","Cameroon",2027,"Sub-Saharan Africa",33472316.2474564,217439.653202761,153.938418105569
"166","Cameroon",2028,"Sub-Saharan Africa",41822316.7736068,237852.454165904,175.833026067645
"167","Cameroon",2029,"Sub-Saharan Africa",50708490.0506923,258445.908924848,196.205427517282
"168","Cameroon",2030,"Sub-Saharan Africa",60113318.6389007,279345.064803946,215.193773625786
"169","Cape Verde",2023,"Sub-Saharan Africa",235169.54860599,0,Inf
"170","Cape Verde",2024,"Sub-Saharan Africa",492656.621617009,2341.77552087457,210.377389816176
"171","Cape Verde",2025,"Sub-Saharan Africa",765651.750686608,2802.10212538451,273.241914971797
"172","Cape Verde",2026,"Sub-Saharan Africa",1063504.9255349,3260.00959975253,326.227544120003
"173","Cape Verde",2027,"Sub-Saharan Africa",1382167.17397225,3725.65124179251,370.986730713757
"174","Cape Verde",2028,"Sub-Saharan Africa",1721880.50743002,4201.63862235825,409.811662113763
"175","Cape Verde",2029,"Sub-Saharan Africa",2082826.12473821,4689.90789076081,444.108108997494
"176","Cape Verde",2030,"Sub-Saharan Africa",2465838.76130641,5191.65607132538,474.961886424982
"177","Central African Republic",2023,"Sub-Saharan Africa",171542.786518312,0,Inf
"178","Central African Republic",2024,"Sub-Saharan Africa",353058.317060936,18107.1882931036,19.4982407729975
"179","Central African Republic",2025,"Sub-Saharan Africa",541108.937381314,20000.5432460939,27.054712000735
"180","Central African Republic",2026,"Sub-Saharan Africa",750487.581765533,21851.3805115351,34.3450877792074
"181","Central African Republic",2027,"Sub-Saharan Africa",972825.158181716,23678.2866070719,41.0851162639093
"182","Central African Republic",2028,"Sub-Saharan Africa",1206411.82518948,25491.1942922612,47.3266105682515
"183","Central African Republic",2029,"Sub-Saharan Africa",1448337.51827962,27293.373534182,53.0655368221788
"184","Central African Republic",2030,"Sub-Saharan Africa",1695425.21974195,29091.0889439612,58.2798816162533
"185","Chad",2023,"Sub-Saharan Africa",2825287.76021167,0,Inf
"186","Chad",2024,"Sub-Saharan Africa",5894216.87622995,86460.0960565931,68.1726847998392
"187","Chad",2025,"Sub-Saharan Africa",9185525.31295329,98641.4318111513,93.1203566726296
"188","Chad",2026,"Sub-Saharan Africa",12761542.7720765,110752.68919553,115.225579304413
"189","Chad",2027,"Sub-Saharan Africa",16605570.1880037,123009.551193528,134.994153111562
"190","Chad",2028,"Sub-Saharan Africa",20725183.6738484,135470.74371708,152.986416883717
"191","Chad",2029,"Sub-Saharan Africa",25124981.708106,148186.00313029,169.550302844832
"192","Chad",2030,"Sub-Saharan Africa",29808398.7685927,161199.177539426,184.91656858052
"193","China",2023,"East and South East Asia",924232523.434238,0,Inf
"194","China",2024,"East and South East Asia",1896484340.99637,7902784.21200021,239.976733531025
"195","China",2025,"East and South East Asia",2899001285.91291,9226667.69769411,314.198081137941
"196","China",2026,"East and South East Asia",3937935287.27442,10552028.5097069,373.192252432969
"197","China",2027,"East and South East Asia",5007781676.11492,11894202.1025049,421.027121698249
"198","China",2028,"East and South East Asia",6108291191.53094,13254717.3848012,460.839036714213
"199","China",2029,"East and South East Asia",7239129648.6497,14373169.5464695,503.655761190672
"200","China",2030,"East and South East Asia",8396625251.61941,14447243.1725787,581.192214411984
"201","Colombia",2023,"Latin America and Caribbean",20483868.9770602,0,Inf
"202","Colombia",2024,"Latin America and Caribbean",44760401.8462922,263644.692050313,169.775471291302
"203","Colombia",2025,"Latin America and Caribbean",71134843.9603881,294072.320017983,241.895748488121
"204","Colombia",2026,"Latin America and Caribbean",99924383.6439419,323368.324376301,309.011044407865
"205","Colombia",2027,"Latin America and Caribbean",131088450.610651,352487.707274431,371.895098482374
"206","Colombia",2028,"Latin America and Caribbean",164731045.167007,381446.348009135,431.859017727605
"207","Colombia",2029,"Latin America and Caribbean",200921912.791293,404323.833210986,496.933141921532
"208","Colombia",2030,"Latin America and Caribbean",239741012.450288,418568.785497475,572.763714726965
"209","Comoros",2023,"Sub-Saharan Africa",613761.428932714,0,Inf
"210","Comoros",2024,"Sub-Saharan Africa",1269493.35554627,2673.02737574914,474.927180717885
"211","Comoros",2025,"Sub-Saharan Africa",1966932.27872573,3830.1314753334,513.541712965484
"212","Comoros",2026,"Sub-Saharan Africa",2712974.7371278,4977.5602747028,545.041061765903
"213","Comoros",2027,"Sub-Saharan Africa",3506654.74956892,6124.98874950704,572.516112760394
"214","Comoros",2028,"Sub-Saharan Africa",4350146.44315719,7278.25665987739,597.690717220527
"215","Comoros",2029,"Sub-Saharan Africa",5244305.6571209,8441.80710595456,621.230216622902
"216","Comoros",2030,"Sub-Saharan Africa",6190377.96619672,9619.63917256341,643.514570052956
"217","Congo",2023,"Sub-Saharan Africa",150.864257135785,0,Inf
"218","Congo",2024,"Sub-Saharan Africa",314.591236632622,9683.38714559804,0.0324877268565712
"219","Congo",2025,"Sub-Saharan Africa",489.304322331701,9857.21797738142,0.049639190637203
"220","Congo",2026,"Sub-Saharan Africa",674.330468285268,10023.8276574304,0.0672727516205251
"221","Congo",2027,"Sub-Saharan Africa",870.415633219701,10212.6550781371,0.0852291227462538
"222","Congo",2028,"Sub-Saharan Africa",1077.8048583389,10425.3782382942,0.103382806235263
"223","Congo",2029,"Sub-Saharan Africa",1296.67036527804,10662.8008089266,0.121606920031039
"224","Congo",2030,"Sub-Saharan Africa",1527.30021931777,10926.2053896042,0.139783224354443
"225","Costa Rica",2023,"Latin America and Caribbean",51460510.6136383,0,Inf
"226","Costa Rica",2024,"Latin America and Caribbean",106407755.556711,17538.992754188,6066.92511069672
"227","Costa Rica",2025,"Latin America and Caribbean",164375406.062663,24046.4744999156,6835.73827270354
"228","Costa Rica",2026,"Latin America and Caribbean",225191552.399723,30312.309326677,7429.04639738345
"229","Costa Rica",2027,"Latin America and Caribbean",288919576.296686,36473.248534208,7921.41056549186
"230","Costa Rica",2028,"Latin America and Caribbean",355574392.697651,42618.1274317177,8343.26644846956
"231","Costa Rica",2029,"Latin America and Caribbean",425005661.4153,45706.5497451258,9298.57238809901
"232","Costa Rica",2030,"Latin America and Caribbean",497130829.276802,47065.5970459064,10562.5097837793
"233","Cote d'Ivoire",2023,"Sub-Saharan Africa",7397136.5751847,0,Inf
"234","Cote d'Ivoire",2024,"Sub-Saharan Africa",15536836.1860019,170857.936109571,90.9342377636947
"235","Cote d'Ivoire",2025,"Sub-Saharan Africa",24210215.2009464,194079.542762167,124.743776991554
"236","Cote d'Ivoire",2026,"Sub-Saharan Africa",33696323.6200861,217009.199165123,155.276014794408
"237","Cote d'Ivoire",2027,"Sub-Saharan Africa",43870052.9180105,239825.94951478,182.924545933286
"238","Cote d'Ivoire",2028,"Sub-Saharan Africa",54718467.435965,262683.08417274,208.306018669943
"239","Cote d'Ivoire",2029,"Sub-Saharan Africa",66212994.5835732,285741.58914067,231.72333709874
"240","Cote d'Ivoire",2030,"Sub-Saharan Africa",78303170.3779128,309153.817265682,253.282236882815
"241","Cuba",2023,"Latin America and Caribbean",114743523.205279,0,Inf
"242","Cuba",2024,"Latin America and Caribbean",233733719.938153,39579.4467138038,5905.43171632147
"243","Cuba",2025,"Latin America and Caribbean",356944481.761653,71926.4815561293,4962.6295355919
"244","Cuba",2026,"Latin America and Caribbean",484215012.944385,101866.416647146,4753.43129641688
"245","Cuba",2027,"Latin America and Caribbean",615591872.494664,129861.167990979,4740.38453540959
"246","Cuba",2028,"Latin America and Caribbean",751002271.527059,156256.425088719,4806.21690340514
"247","Cuba",2029,"Latin America and Caribbean",890014525.451934,177535.561001562,5013.16198529997
"248","Cuba",2030,"Latin America and Caribbean",1031312505.06758,180576.762934005,5711.213825693
"249","Democratic Republic of the Congo",2023,"Sub-Saharan Africa",20693313.2600802,0,Inf
"250","Democratic Republic of the Congo",2024,"Sub-Saharan Africa",43058137.4334755,431198.624350538,99.8568525081191
"251","Democratic Republic of the Congo",2025,"Sub-Saharan Africa",67026126.6231515,508779.87632646,131.738949871799
"252","Democratic Republic of the Congo",2026,"Sub-Saharan Africa",92875112.1849685,585847.012177804,158.531340528167
"253","Democratic Republic of the Congo",2027,"Sub-Saharan Africa",120577594.231094,664106.030708999,181.563769421526
"254","Democratic Republic of the Congo",2028,"Sub-Saharan Africa",150207828.725296,744009.936742705,201.889546506476
"255","Democratic Republic of the Congo",2029,"Sub-Saharan Africa",181840348.577451,825996.62009846,220.146601272745
"256","Democratic Republic of the Congo",2030,"Sub-Saharan Africa",215550508.969051,910456.569625262,236.749907859713
"257","Djibouti",2023,"Sub-Saharan Africa",465838.063505591,0,Inf
"258","Djibouti",2024,"Sub-Saharan Africa",971094.572961014,3341.04776762557,290.655698601747
"259","Djibouti",2025,"Sub-Saharan Africa",1515174.93560252,4551.00067935801,332.932258717276
"260","Djibouti",2026,"Sub-Saharan Africa",2106079.08112877,5742.94189561707,366.724776152811
"261","Djibouti",2027,"Sub-Saharan Africa",2742661.79030888,6929.69534819259,395.783891282353
"262","Djibouti",2028,"Sub-Saharan Africa",3426606.05818921,8115.60253628605,422.224479681989
"263","Djibouti",2029,"Sub-Saharan Africa",4158546.08034004,9303.47164700518,446.988633719187
"264","Djibouti",2030,"Sub-Saharan Africa",4940017.55542496,10498.2460908364,470.556463687487
"265","Dominican Republic",2023,"Latin America and Caribbean",2084.27590345601,0,Inf
"266","Dominican Republic",2024,"Latin America and Caribbean",4329.39352934632,50936.5268084027,0.0849958526939085
"267","Dominican Republic",2025,"Latin America and Caribbean",6682.86279871934,52414.2037508054,0.127500988672687
"268","Dominican Republic",2026,"Latin America and Caribbean",9143.91029547228,53870.7561285148,0.169737923738409
"269","Dominican Republic",2027,"Latin America and Caribbean",11715.133640495,55379.2370514976,0.211543789048611
"270","Dominican Republic",2028,"Latin America and Caribbean",14399.9754257192,56941.877077085,0.252889018853826
"271","Dominican Republic",2029,"Latin America and Caribbean",17204.0497806457,58561.3216320027,0.293778372844032
"272","Dominican Republic",2030,"Latin America and Caribbean",20131.8606939914,59938.2859080558,0.335876483436201
"273","Ecuador",2023,"Latin America and Caribbean",10180317.6167176,0,Inf
"274","Ecuador",2024,"Latin America and Caribbean",21353051.3358538,67047.1155820256,318.47829918545
"275","Ecuador",2025,"Latin America and Caribbean",33286257.7657832,80165.6859400179,415.218274196379
"276","Ecuador",2026,"Latin America and Caribbean",46060841.1195346,92729.3515364238,496.723425283978
"277","Ecuador",2027,"Latin America and Caribbean",59672143.0822896,104934.262876289,568.662145677234
"278","Ecuador",2028,"Latin America and Caribbean",74146337.3238597,116854.697551171,634.51738678619
"279","Ecuador",2029,"Latin America and Caribbean",89494684.5928078,127003.491783321,704.663181587901
"280","Ecuador",2030,"Latin America and Caribbean",105733125.854538,134940.499664595,783.553685641791
"281","Egypt",2023,"Central Asia, Middle East and North Africa",39782262.7065338,0,Inf
"282","Egypt",2024,"Central Asia, Middle East and North Africa",82925461.7736403,736887.00281226,112.53484110476
"283","Egypt",2025,"Central Asia, Middle East and North Africa",128724531.84799,879587.269340661,146.346515388384
"284","Egypt",2026,"Central Asia, Middle East and North Africa",177867620.037494,1018392.62100581,174.655252177518
"285","Egypt",2027,"Central Asia, Middle East and North Africa",230117938.315068,1155559.48058983,199.139847130681
"286","Egypt",2028,"Central Asia, Middle East and North Africa",285558103.884812,1291779.28579805,221.057967893019
"287","Egypt",2029,"Central Asia, Middle East and North Africa",344152396.595062,1427386.39077431,241.106681988449
"288","Egypt",2030,"Central Asia, Middle East and North Africa",405839510.19671,1562976.54545534,259.658093639837
"289","El Salvador",2023,"Latin America and Caribbean",1666591.82320434,0,Inf
"290","El Salvador",2024,"Latin America and Caribbean",3443836.29007996,30132.9262773461,114.288146407773
"291","El Salvador",2025,"Latin America and Caribbean",5298314.88787755,32329.9577080795,163.882518366347
"292","El Salvador",2026,"Latin America and Caribbean",7244471.94551828,34509.8405058732,209.924816786254
"293","El Salvador",2027,"Latin America and Caribbean",9272927.16737615,36735.3839878726,252.424941860888
"294","El Salvador",2028,"Latin America and Caribbean",11378523.7233318,39016.1447754648,291.636290279688
"295","El Salvador",2029,"Latin America and Caribbean",13552921.8093782,41358.6352448845,327.692674797689
"296","El Salvador",2030,"Latin America and Caribbean",15787682.4056673,43765.439192689,360.734010600415
"297","Equatorial Guinea",2023,"Sub-Saharan Africa",787119.721289991,0,Inf
"298","Equatorial Guinea",2024,"Sub-Saharan Africa",1667937.41440073,7513.88642096614,221.980653014218
"299","Equatorial Guinea",2025,"Sub-Saharan Africa",2595016.96965164,8708.18688231914,297.997390813981
"300","Equatorial Guinea",2026,"Sub-Saharan Africa",3623851.32263421,9941.20049496457,364.528542047791
"301","Equatorial Guinea",2027,"Sub-Saharan Africa",4725304.7624682,11155.0089293797,423.603852976115
"302","Equatorial Guinea",2028,"Sub-Saharan Africa",5895179.62060204,12359.6975851923,476.967950062534
"303","Equatorial Guinea",2029,"Sub-Saharan Africa",7124694.62055078,13245.0511310165,537.913712078212
"304","Equatorial Guinea",2030,"Sub-Saharan Africa",8401888.29981281,13679.2839714669,614.205269613382
"305","Eritrea",2023,"Sub-Saharan Africa",254033.733899229,0,Inf
"306","Eritrea",2024,"Sub-Saharan Africa",524352.255341409,17561.5543805376,29.8579638213868
"307","Eritrea",2025,"Sub-Saharan Africa",806446.607052963,18793.3943529424,42.9111735702337
"308","Eritrea",2026,"Sub-Saharan Africa",1103946.20336816,20050.4428857693,55.0584448262577
"309","Eritrea",2027,"Sub-Saharan Africa",1412455.76160136,21329.3276085444,66.2212980889063
"310","Eritrea",2028,"Sub-Saharan Africa",1731979.50248112,22643.170723556,76.4901490001715
"311","Eritrea",2029,"Sub-Saharan Africa",2065359.19620976,24016.8071950945,85.9964099071261
"312","Eritrea",2030,"Sub-Saharan Africa",2415868.75936047,25469.9836603178,94.8516022459955
"313","Ethiopia",2023,"Sub-Saharan Africa",53471191.042435,0,Inf
"314","Ethiopia",2024,"Sub-Saharan Africa",110882009.288057,336043.511846563,329.963249933794
"315","Ethiopia",2025,"Sub-Saharan Africa",172183119.829759,419140.088454584,410.800886320889
"316","Ethiopia",2026,"Sub-Saharan Africa",237996955.74804,500564.952023682,475.456691056508
"317","Ethiopia",2027,"Sub-Saharan Africa",308269504.755511,581611.867630788,530.026159904982
"318","Ethiopia",2028,"Sub-Saharan Africa",383182259.691697,662752.62272077,578.167851103532
"319","Ethiopia",2029,"Sub-Saharan Africa",462905914.912522,744436.153398641,621.820840913189
"320","Ethiopia",2030,"Sub-Saharan Africa",547627599.725156,827129.233929022,662.082268720959
"321","Fiji",2023,"Oceania",1017973.31805542,0,Inf
"322","Fiji",2024,"Oceania",2188571.41163461,12844.3615564362,170.391607400519
"323","Fiji",2025,"Oceania",3430166.4159465,14698.7076753633,233.36517003436
"324","Fiji",2026,"Oceania",4784018.13782329,16426.4701331921,291.238354864597
"325","Fiji",2027,"Oceania",6226233.21187666,18050.0290727957,344.943112654627
"326","Fiji",2028,"Oceania",7749902.96450936,19579.1773827915,395.823727064288
"327","Fiji",2029,"Oceania",9343175.4314754,20854.3691278772,448.020046743388
"328","Fiji",2030,"Oceania",10989364.0165869,21849.2857089618,502.96216375071
"329","Gabon",2023,"Sub-Saharan Africa",281.737408124095,0,Inf
"330","Gabon",2024,"Sub-Saharan Africa",594.558759527427,3303.02526010066,0.18000430293691
"331","Gabon",2025,"Sub-Saharan Africa",934.557278738337,3336.64985574708,0.280088507677438
"332","Gabon",2026,"Sub-Saharan Africa",1304.30102275829,3373.51134244478,0.386630098540905
"333","Gabon",2027,"Sub-Saharan Africa",1703.49888205462,3413.61637617056,0.499030557137655
"334","Gabon",2028,"Sub-Saharan Africa",2132.47455843481,3459.81053828156,0.616355876959084
"335","Gabon",2029,"Sub-Saharan Africa",2591.13215571758,3515.39870857717,0.737080590430756
"336","Gabon",2030,"Sub-Saharan Africa",3078.75664822103,3564.81609263669,0.863650906025799
"337","Georgia",2023,"Central Asia, Middle East and North Africa",3059144.01889143,0,Inf
"338","Georgia",2024,"Central Asia, Middle East and North Africa",6289503.62876678,21311.7265304442,295.119385085113
"339","Georgia",2025,"Central Asia, Middle East and North Africa",9601152.98007841,31773.5251826501,302.174622579213
"340","Georgia",2026,"Central Asia, Middle East and North Africa",13148575.8960574,41214.4605657771,319.028217658525
"341","Georgia",2027,"Central Asia, Middle East and North Africa",16822891.9638266,49764.1506233318,338.05242836676
"342","Georgia",2028,"Central Asia, Middle East and North Africa",20609850.3283919,57524.6685883219,358.278471378728
"343","Georgia",2029,"Central Asia, Middle East and North Africa",24476704.8330299,63429.6647188541,385.887343745558
"344","Georgia",2030,"Central Asia, Middle East and North Africa",28374833.3627292,67323.6033969759,421.469320283052
"345","Ghana",2023,"Sub-Saharan Africa",28525571.6041714,0,Inf
"346","Ghana",2024,"Sub-Saharan Africa",59435756.7824093,121530.654314318,489.059794154396
"347","Ghana",2025,"Sub-Saharan Africa",92532613.9229185,157657.578372088,586.921446329287
"348","Ghana",2026,"Sub-Saharan Africa",128101250.949057,193196.867107235,663.060705212958
"349","Ghana",2027,"Sub-Saharan Africa",166139902.310178,228506.350432373,727.069081431708
"350","Ghana",2028,"Sub-Saharan Africa",206732739.650112,263776.065363019,783.743359601631
"351","Ghana",2029,"Sub-Saharan Africa",249939469.554141,299200.338945972,835.358243358386
"352","Ghana",2030,"Sub-Saharan Africa",295811159.24758,335003.857649062,883.008217647036
"353","Guatemala",2023,"Latin America and Caribbean",2745426.61743309,0,Inf
"354","Guatemala",2024,"Latin America and Caribbean",5822449.65219849,45136.0192129666,128.997854789237
"355","Guatemala",2025,"Latin America and Caribbean",9150958.32233305,49906.7594824376,183.361100124189
"356","Guatemala",2026,"Latin America and Caribbean",12785699.0771049,54624.9165484016,234.063498582664
"357","Guatemala",2027,"Latin America and Caribbean",16710248.5142635,59386.8037126549,281.379826318261
"358","Guatemala",2028,"Latin America and Caribbean",20937909.6099079,64200.269151154,326.13429642501
"359","Guatemala",2029,"Latin America and Caribbean",25487726.1676255,69069.5193615057,369.015542648042
"360","Guatemala",2030,"Latin America and Caribbean",30386541.6659097,73992.8560901036,410.668587098557
"361","Guinea",2023,"Sub-Saharan Africa",1650513.41233242,0,Inf
"362","Guinea",2024,"Sub-Saharan Africa",3439652.84888436,65285.5581662104,52.6862746601225
"363","Guinea",2025,"Sub-Saharan Africa",5353571.7711645,73530.6764974805,72.8073237752401
"364","Guinea",2026,"Sub-Saharan Africa",7458145.33500584,81786.0237876807,91.1909515783215
"365","Guinea",2027,"Sub-Saharan Africa",9724571.8473989,90184.7438684757,107.829455740109
"366","Guinea",2028,"Sub-Saharan Africa",12150600.7742098,98773.3218193541,123.015005979368
"367","Guinea",2029,"Sub-Saharan Africa",14730810.275642,107598.253639506,136.905663218249
"368","Guinea",2030,"Sub-Saharan Africa",17457676.5519411,116707.29929448,149.585130128762
"369","Guinea-Bissau",2023,"Sub-Saharan Africa",535994.01766714,0,Inf
"370","Guinea-Bissau",2024,"Sub-Saharan Africa",1110740.79945399,10084.7143585745,110.141027297376
"371","Guinea-Bissau",2025,"Sub-Saharan Africa",1719584.99704106,11713.2296725254,146.807075854964
"372","Guinea-Bissau",2026,"Sub-Saharan Africa",2374941.07486288,13343.4618123436,177.985376528443
"373","Guinea-Bissau",2027,"Sub-Saharan Africa",3070614.71980962,14983.6514628427,204.9310027949
"374","Guinea-Bissau",2028,"Sub-Saharan Africa",3806314.94630463,16642.0797877613,228.716301979505
"375","Guinea-Bissau",2029,"Sub-Saharan Africa",4581241.17295386,18325.2870974873,249.995601628638
"376","Guinea-Bissau",2030,"Sub-Saharan Africa",5394014.32079612,20040.6005487964,269.154325373752
"377","Guyana",2023,"Latin America and Caribbean",361559.30988854,0,Inf
"378","Guyana",2024,"Latin America and Caribbean",775426.6972945,9117.50765958028,85.0480993541821
"379","Guyana",2025,"Latin America and Caribbean",1219311.64360564,10469.7805232459,116.460095882471
"380","Guyana",2026,"Latin America and Caribbean",1695590.83266128,11754.9721391217,144.244564137943
"381","Guyana",2027,"Latin America and Caribbean",2204009.43225193,12995.9339249011,169.59223130774
"382","Guyana",2028,"Latin America and Caribbean",2746634.32391371,14200.6030825659,193.416737862758
"383","Guyana",2029,"Latin America and Caribbean",3323077.33004492,15221.4836552875,218.314942570699
"384","Guyana",2030,"Latin America and Caribbean",3932250.6539597,16034.911511291,245.230580236804
"385","Haiti",2023,"Latin America and Caribbean",12205893.1909472,0,Inf
"386","Haiti",2024,"Latin America and Caribbean",25212875.7521118,170877.286723055,147.549602616145
"387","Haiti",2025,"Latin America and Caribbean",38875740.9656845,222414.512198076,174.789588060077
"388","Haiti",2026,"Latin America and Caribbean",53245245.744527,282609.302978566,188.405849288568
"389","Haiti",2027,"Latin America and Caribbean",68304023.4558399,353129.099463994,193.425077569412
"390","Haiti",2028,"Latin America and Caribbean",84049542.2189209,435442.811246268,193.020851528965
"391","Haiti",2029,"Latin America and Caribbean",100471442.446912,531007.386734028,189.209123934911
"392","Haiti",2030,"Latin America and Caribbean",117551997.573636,641153.67629588,183.344495898029
"393","Honduras",2023,"Latin America and Caribbean",929935.519064373,0,Inf
"394","Honduras",2024,"Latin America and Caribbean",1998665.55631671,33966.9569366157,58.8414664300467
"395","Honduras",2025,"Latin America and Caribbean",3166642.01502399,37590.0017839862,84.2416032119747
"396","Honduras",2026,"Latin America and Caribbean",4449837.88842825,41236.3947861424,107.910449288928
"397","Honduras",2027,"Latin America and Caribbean",5846477.8724903,45000.894905067,129.919146826389
"398","Honduras",2028,"Latin America and Caribbean",7363059.85164724,48894.3211471547,150.591309561023
"399","Honduras",2029,"Latin America and Caribbean",9009030.28026163,52929.3631403663,170.20855241296
"400","Honduras",2030,"Latin America and Caribbean",10797274.0175506,57115.3853196299,189.04317912112
"401","India",2023,"South Asia",291000872.130898,0,Inf
"402","India",2024,"South Asia",610181419.79116,15453293.1243966,39.4855267986762
"403","India",2025,"South Asia",947443093.634075,16936004.4033509,55.9425394012425
"404","India",2026,"South Asia",1309329879.47721,18393792.9706172,71.1832454333245
"405","India",2027,"South Asia",1692017856.57508,19860943.0942786,85.193228163596
"406","India",2028,"South Asia",2094776102.51255,21341601.8737646,98.1545862819075
"407","India",2029,"South Asia",2516936944.93416,22842079.9477678,110.188605883946
"408","India",2030,"South Asia",2957723256.34728,24367540.3880029,121.379639030105
"409","Indonesia",2023,"East and South East Asia",74423343.5401905,0,Inf
"410","Indonesia",2024,"East and South East Asia",154536545.550705,2584308.87255905,59.7980168669541
"411","Indonesia",2025,"East and South East Asia",238733938.686518,2845088.16556975,83.9109105916617
"412","Indonesia",2026,"East and South East Asia",327456472.45678,3104877.97650323,105.465166404242
"413","Indonesia",2027,"East and South East Asia",420748994.567243,3371447.92421023,124.797714224165
"414","Indonesia",2028,"East and South East Asia",518709697.426563,3645169.36496558,142.300575224839
"415","Indonesia",2029,"East and South East Asia",621264778.615878,3925497.17958412,158.263972738785
"416","Indonesia",2030,"East and South East Asia",728334197.204375,4212133.41856639,172.913373065059
"417","Iran",2023,"Central Asia, Middle East and North Africa",13911.3393353644,0,Inf
"418","Iran",2024,"Central Asia, Middle East and North Africa",29012.6251947359,42023.7309633669,0.690386706026337
"419","Iran",2025,"Central Asia, Middle East and North Africa",45264.2120692084,50855.5812362647,0.890053971832906
"420","Iran",2026,"Central Asia, Middle East and North Africa",62724.8189613658,59195.3277763632,1.05962448925592
"421","Iran",2027,"Central Asia, Middle East and North Africa",81271.6632657464,67106.7271935401,1.21108071671196
"422","Iran",2028,"Central Asia, Middle East and North Africa",100827.982538028,74700.9978706245,1.34975415874167
"423","Iran",2029,"Central Asia, Middle East and North Africa",121310.916498214,82118.9456954872,1.47725857255959
"424","Iran",2030,"Central Asia, Middle East and North Africa",142610.146949437,88909.8830604794,1.60398531682275
"425","Iraq",2023,"Central Asia, Middle East and North Africa",8263707.20481923,0,Inf
"426","Iraq",2024,"Central Asia, Middle East and North Africa",17322800.9072986,263004.797613911,65.864961645028
"427","Iraq",2025,"Central Asia, Middle East and North Africa",27050610.2260766,291432.749292564,92.8193907230412
"428","Iraq",2026,"Central Asia, Middle East and North Africa",37432526.2872796,320046.60771227,116.959609585777
"429","Iraq",2027,"Central Asia, Middle East and North Africa",48541603.8538984,350013.754546517,138.684846590642
"430","Iraq",2028,"Central Asia, Middle East and North Africa",60401496.466711,381537.289376899,158.310860166131
"431","Iraq",2029,"Central Asia, Middle East and North Africa",73001608.7177325,414630.103948178,176.064419883165
"432","Iraq",2030,"Central Asia, Middle East and North Africa",86335642.2995035,449360.259667957,192.130123752597
"433","Jamaica",2023,"Latin America and Caribbean",15463678.9150002,0,Inf
"434","Jamaica",2024,"Latin America and Caribbean",32262215.4324463,25387.492635671,1270.79171997931
"435","Jamaica",2025,"Latin America and Caribbean",49765335.8322596,29966.9922650734,1660.6716947787
"436","Jamaica",2026,"Latin America and Caribbean",68111428.8139846,34459.1705372525,1976.58352630258
"437","Jamaica",2027,"Latin America and Caribbean",87215727.5622252,38929.8380766439,2240.33111544203
"438","Jamaica",2028,"Latin America and Caribbean",107069031.037115,43397.5381081417,2467.16831656006
"439","Jamaica",2029,"Latin America and Caribbean",127631986.914357,47447.1927318027,2689.97973464525
"440","Jamaica",2030,"Latin America and Caribbean",148850674.071457,50956.7542070549,2921.11764942141
"441","Jordan",2023,"Central Asia, Middle East and North Africa",30298359.3161362,0,Inf
"442","Jordan",2024,"Central Asia, Middle East and North Africa",62814226.9184196,41825.2470971501,1501.82560242901
"443","Jordan",2025,"Central Asia, Middle East and North Africa",97265247.2125425,55290.7109465745,1759.16072604902
"444","Jordan",2026,"Central Asia, Middle East and North Africa",133930422.574554,68244.9892913092,1962.49459433367
"445","Jordan",2027,"Central Asia, Middle East and North Africa",173259974.154067,81062.2973856462,2137.36816919707
"446","Jordan",2028,"Central Asia, Middle East and North Africa",215504037.440743,93875.5661047463,2295.63502392395
"447","Jordan",2029,"Central Asia, Middle East and North Africa",260639645.197063,105065.022644493,2480.74610024106
"448","Jordan",2030,"Central Asia, Middle East and North Africa",308627134.741452,114101.014207481,2704.85882080107
"449","Kazakhstan",2023,"Central Asia, Middle East and North Africa",4420.01893697974,0,Inf
"450","Kazakhstan",2024,"Central Asia, Middle East and North Africa",9044.61272916705,4689.85682044676,1.92854773086771
"451","Kazakhstan",2025,"Central Asia, Middle East and North Africa",13907.028724157,6013.07024780428,2.31279997589173
"452","Kazakhstan",2026,"Central Asia, Middle East and North Africa",19033.6876638665,7167.49545242111,2.65555629441482
"453","Kazakhstan",2027,"Central Asia, Middle East and North Africa",24450.4242456452,8174.72144621841,2.99097949777308
"454","Kazakhstan",2028,"Central Asia, Middle East and North Africa",30164.1528540262,9052.8541305589,3.33200473784326
"455","Kazakhstan",2029,"Central Asia, Middle East and North Africa",36148.8107365147,9816.73094769713,3.68236747335881
"456","Kazakhstan",2030,"Central Asia, Middle East and North Africa",42365.111962616,9945.09944807601,4.25989827289379
"457","Kenya",2023,"Sub-Saharan Africa",17722322.2489432,0,Inf
"458","Kenya",2024,"Sub-Saharan Africa",37419850.2171413,154227.350950518,242.627847697047
"459","Kenya",2025,"Sub-Saharan Africa",59018333.2741829,191067.926081739,308.88665871076
"460","Kenya",2026,"Sub-Saharan Africa",82763132.3244547,228185.1722939,362.701622951454
"461","Kenya",2027,"Sub-Saharan Africa",108812373.72121,266173.399468882,408.802584850072
"462","Kenya",2028,"Sub-Saharan Africa",137311371.646892,305116.716150158,450.029003259582
"463","Kenya",2029,"Sub-Saharan Africa",168339600.137136,345037.318308811,487.888095589912
"464","Kenya",2030,"Sub-Saharan Africa",201966704.086215,386029.706424896,523.189538848375
"465","Kyrgyzstan",2023,"Central Asia, Middle East and North Africa",181.047955749931,0,Inf
"466","Kyrgyzstan",2024,"Central Asia, Middle East and North Africa",377.357851460762,30846.5265478699,0.0122333984954562
"467","Kyrgyzstan",2025,"Central Asia, Middle East and North Africa",586.928764189554,31094.4310645931,0.0188756875136359
"468","Kyrgyzstan",2026,"Central Asia, Middle East and North Africa",810.259353147513,31323.8346290163,0.0258671826978981
"469","Kyrgyzstan",2027,"Central Asia, Middle East and North Africa",1049.72447714938,31555.7469284795,0.0332657147849663
"470","Kyrgyzstan",2028,"Central Asia, Middle East and North Africa",1305.88696306517,31809.0138619155,0.0410539908195232
"471","Kyrgyzstan",2029,"Central Asia, Middle East and North Africa",1577.13815321288,32102.3208319666,0.0491284777031575
"472","Kyrgyzstan",2030,"Central Asia, Middle East and North Africa",1861.4450515415,32464.1605060818,0.0573384625545078
"473","Laos",2023,"East and South East Asia",9916412.75874311,0,Inf
"474","Laos",2024,"East and South East Asia",20707670.8247458,44332.1502169691,467.102784850247
"475","Laos",2025,"East and South East Asia",32235276.594433,55760.2082857341,578.10538348868
"476","Laos",2026,"East and South East Asia",44623734.67523,67038.7529792698,665.640882207771
"477","Laos",2027,"East and South East Asia",57829121.9627968,78263.3396161983,738.904348401046
"478","Laos",2028,"East and South East Asia",71871243.6673307,89466.4295268145,803.33197655764
"479","Laos",2029,"East and South East Asia",86781738.6425604,100717.891223942,861.631807298314
"480","Laos",2030,"East and South East Asia",102591022.502906,112084.346012869,915.301968136808
"481","Lebanon",2023,"Central Asia, Middle East and North Africa",16377609.3854278,0,Inf
"482","Lebanon",2024,"Central Asia, Middle East and North Africa",33927127.2942126,21661.2065233069,1566.26212199712
"483","Lebanon",2025,"Central Asia, Middle East and North Africa",52605865.6575094,33681.1651937709,1561.87784344345
"484","Lebanon",2026,"Central Asia, Middle East and North Africa",72402918.8160673,44625.6907133899,1622.44925868101
"485","Lebanon",2027,"Central Asia, Middle East and North Africa",93686590.4943815,54930.4132985835,1705.55043860916
"486","Lebanon",2028,"Central Asia, Middle East and North Africa",116631096.5425,64734.0418563344,1801.69649844114
"487","Lebanon",2029,"Central Asia, Middle East and North Africa",141196879.838171,71976.8900737251,1961.69742390293
"488","Lebanon",2030,"Central Asia, Middle East and North Africa",167202978.410778,73233.8437737631,2283.13809291928
"489","Lesotho",2023,"Sub-Saharan Africa",58.0407181187439,0,Inf
"490","Lesotho",2024,"Sub-Saharan Africa",121.263206495472,6650.09362416966,0.0182348119212551
"491","Lesotho",2025,"Sub-Saharan Africa",188.689951988008,6748.92286098353,0.0279585284755366
"492","Lesotho",2026,"Sub-Saharan Africa",259.627490429676,6827.22281910352,0.0380282725947075
"493","Lesotho",2027,"Sub-Saharan Africa",334.50784862658,6909.67869671409,0.0484114910850566
"494","Lesotho",2028,"Sub-Saharan Africa",413.348099791975,6996.02523726604,0.0590832774001694
"495","Lesotho",2029,"Sub-Saharan Africa",496.199018714338,7087.16121900121,0.0700137902019205
"496","Lesotho",2030,"Sub-Saharan Africa",583.121016562834,7183.84608697868,0.0811711455817224
"497","Liberia",2023,"Sub-Saharan Africa",2522803.37095773,0,Inf
"498","Liberia",2024,"Sub-Saharan Africa",5240153.05937265,19707.0502666505,265.902455642505
"499","Liberia",2025,"Sub-Saharan Africa",8141765.77258039,23700.0205535512,343.534122857983
"500","Liberia",2026,"Sub-Saharan Africa",11264847.0848909,27900.8952925848,403.745004121238
"501","Liberia",2027,"Sub-Saharan Africa",14606375.5351363,32447.1446446944,450.159041576086
"502","Liberia",2028,"Sub-Saharan Africa",18173521.2518304,37445.3264754947,485.334832471649
"503","Liberia",2029,"Sub-Saharan Africa",21969274.5380062,43008.9587901366,510.806937810467
"504","Liberia",2030,"Sub-Saharan Africa",25995064.5150785,49267.5175625641,527.630897620685
"505","Libya",2023,"Central Asia, Middle East and North Africa",9766393.27606882,0,Inf
"506","Libya",2024,"Central Asia, Middle East and North Africa",20590041.7669284,30492.5129896347,675.249093898149
"507","Libya",2025,"Central Asia, Middle East and North Africa",32398437.7977142,46940.0643282599,690.208636510303
"508","Libya",2026,"Central Asia, Middle East and North Africa",45396565.396936,62896.4311722486,721.766951651241
"509","Libya",2027,"Central Asia, Middle East and North Africa",59575272.2793247,78558.404022553,758.356448563052
"510","Libya",2028,"Central Asia, Middle East and North Africa",74988334.4042653,94028.3328238275,797.50785909141
"511","Libya",2029,"Central Asia, Middle East and North Africa",91653953.2442002,107966.536082151,848.910751146645
"512","Libya",2030,"Central Asia, Middle East and North Africa",109527858.140349,116900.99166962,936.92839193265
"513","Macedonia",2023,"Central and Eastern Europe",13324128.1338209,0,Inf
"514","Macedonia",2024,"Central and Eastern Europe",27360986.4729685,13173.317515476,2077.00045495941
"515","Macedonia",2025,"Central and Eastern Europe",41971736.3730642,20098.608659384,2088.29064162448
"516","Macedonia",2026,"Central and Eastern Europe",57310064.7321957,26471.5149725975,2164.97109408061
"517","Macedonia",2027,"Central and Eastern Europe",73252805.8102001,32392.1768465771,2261.43510382633
"518","Macedonia",2028,"Central and Eastern Europe",89767636.6067885,37942.8315759841,2365.86551077561
"519","Macedonia",2029,"Central and Eastern Europe",106809956.54885,43198.8611621832,2472.51787837299
"520","Macedonia",2030,"Central and Eastern Europe",124321272.555075,48227.1974101571,2577.82494590681
"521","Madagascar",2023,"Sub-Saharan Africa",3882167.28172286,0,Inf
"522","Madagascar",2024,"Sub-Saharan Africa",8108309.93926123,117767.190579327,68.8503300399232
"523","Madagascar",2025,"Sub-Saharan Africa",12676857.7879271,138361.666327634,91.6211702590294
"524","Madagascar",2026,"Sub-Saharan Africa",17674064.4753904,158639.660340011,111.410125548111
"525","Madagascar",2027,"Sub-Saharan Africa",23079868.8346746,178918.376068706,128.996637135874
"526","Madagascar",2028,"Sub-Saharan Africa",28907986.5421795,199281.359941365,145.061166537026
"527","Madagascar",2029,"Sub-Saharan Africa",35170935.7572261,219821.194405659,159.997928554248
"528","Madagascar",2030,"Sub-Saharan Africa",41881457.3168619,240623.367714301,174.053990328108
"529","Malawi",2023,"Sub-Saharan Africa",114.744025011307,0,Inf
"530","Malawi",2024,"Sub-Saharan Africa",239.510696786824,18380.025077241,0.0130310321003532
"531","Malawi",2025,"Sub-Saharan Africa",375.098283604378,18361.0477683479,0.0204290238954119
"532","Malawi",2026,"Sub-Saharan Africa",522.062785247594,18336.8816380758,0.0284706416037257
"533","Malawi",2027,"Sub-Saharan Africa",682.305450631672,18347.7457226775,0.0371874267795391
"534","Malawi",2028,"Sub-Saharan Africa",856.738519251979,18390.8932370507,0.0465849324559164
"535","Malawi",2029,"Sub-Saharan Africa",1045.60761054732,18463.6850930814,0.0566304941443747
"536","Malawi",2030,"Sub-Saharan Africa",1249.16047969272,18568.3114784103,0.0672737788325633
"537","Malaysia",2023,"East and South East Asia",225606873.559426,0,Inf
"538","Malaysia",2024,"East and South East Asia",468082177.321555,89697.7685100061,5218.43725988945
"539","Malaysia",2025,"East and South East Asia",727783682.625417,162707.859187394,4472.94731957116
"540","Malaysia",2026,"East and South East Asia",1005661547.05396,232618.002805712,4323.23180030874
"541","Malaysia",2027,"East and South East Asia",1301872850.68761,299926.560568183,4340.63874910354
"542","Malaysia",2028,"East and South East Asia",1617034711.82368,364930.861182363,4431.07142702194
"543","Malaysia",2029,"East and South East Asia",1950779302.06406,399082.333387134,4888.16251400357
"544","Malaysia",2030,"East and South East Asia",2302772898.93675,408172.36952674,5641.66776307452
"545","Maldives",2023,"East and South East Asia",104.686392694827,0,Inf
"546","Maldives",2024,"East and South East Asia",222.271419332431,509.586673121859,0.436179812102893
"547","Maldives",2025,"East and South East Asia",353.9082877612,510.733354788318,0.69294140365648
"548","Maldives",2026,"East and South East Asia",498.409926191618,512.152810500944,0.973166437774921
"549","Maldives",2027,"East and South East Asia",658.566360679197,517.667965668326,1.27217908844131
"550","Maldives",2028,"East and South East Asia",834.71655514384,527.165842642359,1.58340409720007
"551","Maldives",2029,"East and South East Asia",1025.09542546257,533.175433162401,1.9226231399719
"552","Maldives",2030,"East and South East Asia",1226.89057510572,541.469386976518,2.26585399768671
"553","Mali",2023,"Sub-Saharan Africa",4575259.77066085,0,Inf
"554","Mali",2024,"Sub-Saharan Africa",9504395.9796946,86179.6992749008,110.28578725225
"555","Mali",2025,"Sub-Saharan Africa",14752289.9626599,100022.494392913,147.489722708866
"556","Mali",2026,"Sub-Saharan Africa",20434096.3157221,113832.809868934,179.50972429873
"557","Mali",2027,"Sub-Saharan Africa",26513500.0202314,127765.050990154,207.517625632026
"558","Mali",2028,"Sub-Saharan Africa",32999413.6806912,141915.421827532,232.528736170723
"559","Mali",2029,"Sub-Saharan Africa",39898021.8103633,156376.581619367,255.140644444309
"560","Mali",2030,"Sub-Saharan Africa",47214808.5004934,171229.191506137,275.740416018966
"561","Mauritania",2023,"Sub-Saharan Africa",2947937.46113602,0,Inf
"562","Mauritania",2024,"Sub-Saharan Africa",6128778.25965037,11665.3141606035,525.384758204686
"563","Mauritania",2025,"Sub-Saharan Africa",9535137.20475809,16307.9802776476,584.691484930684
"564","Mauritania",2026,"Sub-Saharan Africa",13197682.6993806,21001.3232356294,628.421483318268
"565","Mauritania",2027,"Sub-Saharan Africa",17116734.4641869,25801.6542232302,663.396785186591
"566","Mauritania",2028,"Sub-Saharan Africa",21303509.9461646,30740.8866469222,693.00245600748
"567","Mauritania",2029,"Sub-Saharan Africa",25768666.9319287,35851.9598239805,718.751975022927
"568","Mauritania",2030,"Sub-Saharan Africa",30522675.7556919,41171.1126442397,741.361449699911
"569","Mauritius",2023,"Sub-Saharan Africa",18823858.5897631,0,Inf
"570","Mauritius",2024,"Sub-Saharan Africa",38754335.9239154,7627.0470369781,5081.17174786301
"571","Mauritius",2025,"Sub-Saharan Africa",59616328.0559886,11997.0199578007,4969.26138871888
"572","Mauritius",2026,"Sub-Saharan Africa",81350409.9381732,16167.8072459717,5031.62913192461
"573","Mauritius",2027,"Sub-Saharan Africa",103884397.159728,20188.2110552575,5145.79508186159
"574","Mauritius",2028,"Sub-Saharan Africa",127127989.365533,24110.5611679767,5272.70968435121
"575","Mauritius",2029,"Sub-Saharan Africa",150850853.663234,26352.3775560219,5724.37357284155
"576","Mauritius",2030,"Sub-Saharan Africa",174811539.909608,27171.2375914317,6433.69810894201
"577","Mexico",2023,"Latin America and Caribbean",1035965087.07812,0,Inf
"578","Mexico",2024,"Latin America and Caribbean",2169575570.68579,1084955.35595818,1999.69110136307
"579","Mexico",2025,"Latin America and Caribbean",3367368614.80518,1295516.12061977,2599.24871733301
"580","Mexico",2026,"Latin America and Caribbean",4630209799.49126,1504333.18113817,3077.91509058391
"581","Mexico",2027,"Latin America and Caribbean",5959117225.15384,1713775.78544098,3477.18603318956
"582","Mexico",2028,"Latin America and Caribbean",7354841878.98783,1924257.16978673,3822.17200199025
"583","Mexico",2029,"Latin America and Caribbean",8814489166.91342,2075739.70797273,4246.43279360016
"584","Mexico",2030,"Latin America and Caribbean",10333032756.1682,2138360.93940117,4832.22105575022
"585","Mongolia",2023,"Central Asia, Middle East and North Africa",625894.496423947,0,Inf
"586","Mongolia",2024,"Central Asia, Middle East and North Africa",1295331.3277453,39699.1035780079,32.628729895626
"587","Mongolia",2025,"Central Asia, Middle East and North Africa",1992247.73810743,42940.4930825507,46.3955487021876
"588","Mongolia",2026,"Central Asia, Middle East and North Africa",2716686.89459044,46246.7880133622,58.7432557220083
"589","Mongolia",2027,"Central Asia, Middle East and North Africa",3464240.43996826,49623.7945154741,69.8100674040154
"590","Mongolia",2028,"Central Asia, Middle East and North Africa",4233849.88735385,53096.8862425627,79.7381953437409
"591","Mongolia",2029,"Central Asia, Middle East and North Africa",5025219.9857531,56692.9461388953,88.6392457615719
"592","Mongolia",2030,"Central Asia, Middle East and North Africa",5838449.5168119,60430.719206042,96.6139339977962
"593","Montenegro",2023,"Central and Eastern Europe",5330208.70634844,0,Inf
"594","Montenegro",2024,"Central and Eastern Europe",10891937.7470711,3216.61122836475,3386.152995744
"595","Montenegro",2025,"Central and Eastern Europe",16641021.993713,5416.92468172491,3072.04234348224
"596","Montenegro",2026,"Central and Eastern Europe",22651281.4409204,7418.18327800745,3053.48096589555
"597","Montenegro",2027,"Central and Eastern Europe",28861068.5417468,9248.5384244133,3120.60859968559
"598","Montenegro",2028,"Central and Eastern Europe",35257093.9989105,10928.391305323,3226.19249383369
"599","Montenegro",2029,"Central and Eastern Europe",41822547.7160356,12322.965305133,3393.87044274277
"600","Montenegro",2030,"Central and Eastern Europe",48479671.5723995,12364.737600856,3920.80067829691
"601","Morocco",2023,"Central Asia, Middle East and North Africa",3134.00567992167,0,Inf
"602","Morocco",2024,"Central Asia, Middle East and North Africa",6523.68401117659,182664.040057525,0.0357141121433761
"603","Morocco",2025,"Central Asia, Middle East and North Africa",10096.2509033389,184989.105054131,0.0545775433660516
"604","Morocco",2026,"Central Asia, Middle East and North Africa",13839.2771003811,186764.123812241,0.0741002973049262
"605","Morocco",2027,"Central Asia, Middle East and North Africa",17758.2481864904,188847.458413288,0.0940348805098923
"606","Morocco",2028,"Central Asia, Middle East and North Africa",21854.1733455609,191287.724693341,0.114247651701624
"607","Morocco",2029,"Central Asia, Middle East and North Africa",26128.5509748373,194050.459308533,0.134648230506344
"608","Morocco",2030,"Central Asia, Middle East and North Africa",30584.8555123702,197092.851626118,0.155179933011418
"609","Mozambique",2023,"Sub-Saharan Africa",244.507706988577,0,Inf
"610","Mozambique",2024,"Sub-Saharan Africa",509.743869291405,46238.7286248578,0.0110241757170064
"611","Mozambique",2025,"Sub-Saharan Africa",795.162224788659,47175.4395137626,0.0168554280147551
"612","Mozambique",2026,"Sub-Saharan Africa",1101.96507896896,48176.7275466734,0.0228733900180618
"613","Mozambique",2027,"Sub-Saharan Africa",1431.65216140857,49297.6840962157,0.0290409618150494
"614","Mozambique",2028,"Sub-Saharan Africa",1785.71596763934,50552.2571571409,0.0353241589606666
"615","Mozambique",2029,"Sub-Saharan Africa",2165.83558986687,51956.2191117469,0.0416857813538859
"616","Mozambique",2030,"Sub-Saharan Africa",2573.88111811852,53527.201335023,0.0480854790447343
"617","Myanmar",2023,"East and South East Asia",61863737.7555608,0,Inf
"618","Myanmar",2024,"East and South East Asia",128533979.133329,401598.364156472,320.056032606868
"619","Myanmar",2025,"East and South East Asia",199116341.134569,492984.710047588,403.899628277209
"620","Myanmar",2026,"East and South East Asia",274349439.477737,581926.387598758,471.450419373151
"621","Myanmar",2027,"East and South East Asia",353880333.230643,669350.295371033,528.692279181681
"622","Myanmar",2028,"East and South East Asia",437718541.293987,755657.191069884,579.255443429646
"623","Myanmar",2029,"East and South East Asia",525912261.953073,841408.373829241,625.038065118905
"624","Myanmar",2030,"East and South East Asia",618488285.658272,927128.584757892,667.100870177336
"625","Namibia",2023,"Sub-Saharan Africa",220.629722838048,0,Inf
"626","Namibia",2024,"Sub-Saharan Africa",461.695325296774,4149.47175522393,0.111266048435088
"627","Namibia",2025,"Sub-Saharan Africa",719.22517171959,4157.55651624561,0.17299227777403
"628","Namibia",2026,"Sub-Saharan Africa",995.541177428991,4174.47387924034,0.238483029533331
"629","Namibia",2027,"Sub-Saharan Africa",1291.44748227637,4199.12466284401,0.307551593717556
"630","Namibia",2028,"Sub-Saharan Africa",1608.19191514496,4233.58741197546,0.379865055011243
"631","Namibia",2029,"Sub-Saharan Africa",1946.74279961933,4278.92705140061,0.454960502068411
"632","Namibia",2030,"Sub-Saharan Africa",2308.05705895084,4336.48439715557,0.532241522756259
"633","Nepal",2023,"South Asia",2309438.08344994,0,Inf
"634","Nepal",2024,"South Asia",4830002.64607444,246916.197822972,19.5613033436443
"635","Nepal",2025,"South Asia",7540598.16842408,267516.584335265,28.1874044824594
"636","Nepal",2026,"South Asia",10467278.3614381,286656.707031477,36.5150303644865
"637","Nepal",2027,"South Asia",13583588.673568,306293.868266892,44.3482226739578
"638","Nepal",2028,"South Asia",16875305.8382671,326569.794861035,51.6744233662149
"639","Nepal",2029,"South Asia",20325450.5559958,347593.891190826,58.4747058884223
"640","Nepal",2030,"South Asia",23922519.626928,369502.684750046,64.7424785103
"641","Nicaragua",2023,"Latin America and Caribbean",11760241.6876671,0,Inf
"642","Nicaragua",2024,"Latin America and Caribbean",24548394.2261668,48410.7596922815,507.085498806596
"643","Nicaragua",2025,"Latin America and Caribbean",38173355.059528,57169.6247756449,667.720930639908
"644","Nicaragua",2026,"Latin America and Caribbean",52656516.8259661,66077.945105575,796.884902244387
"645","Nicaragua",2027,"Latin America and Caribbean",68041007.8854276,75330.9628449565,903.227641275038
"646","Nicaragua",2028,"Latin America and Caribbean",84360686.3067102,85005.8019244637,992.410922511775
"647","Nicaragua",2029,"Latin America and Caribbean",101642398.685791,95183.6996494779,1067.85509556886
"648","Nicaragua",2030,"Latin America and Caribbean",119911601.947492,105936.889962024,1131.91544503976
"649","Niger",2023,"Sub-Saharan Africa",4423684.95095414,0,Inf
"650","Niger",2024,"Sub-Saharan Africa",9210934.57891936,81176.58416781,113.46787590715
"651","Niger",2025,"Sub-Saharan Africa",14359438.6843949,99068.3022047665,144.944834672901
"652","Niger",2026,"Sub-Saharan Africa",19944111.0960709,116940.368132916,170.549412615174
"653","Niger",2027,"Sub-Saharan Africa",25956284.1026656,135087.617770182,192.144065689453
"654","Niger",2028,"Sub-Saharan Africa",32411658.1404884,153618.220506834,210.988371259297
"655","Niger",2029,"Sub-Saharan Africa",39322560.2739525,172640.828348666,227.770919834424
"656","Niger",2030,"Sub-Saharan Africa",46700216.1646889,192260.918417849,242.900203270606
"657","Nigeria",2023,"Sub-Saharan Africa",34868782.2019994,0,Inf
"658","Nigeria",2024,"Sub-Saharan Africa",73164229.1958744,1078014.54762309,67.8694265835225
"659","Nigeria",2025,"Sub-Saharan Africa",113643305.414102,1196753.62656657,94.9596499156963
"660","Nigeria",2026,"Sub-Saharan Africa",157825107.22722,1315942.3628479,119.933145769138
"661","Nigeria",2027,"Sub-Saharan Africa",204952131.396507,1435239.52952177,142.799948845332
"662","Nigeria",2028,"Sub-Saharan Africa",254893806.934736,1555549.23197792,163.860970578625
"663","Nigeria",2029,"Sub-Saharan Africa",307412082.520926,1677858.07321607,183.216976112697
"664","Nigeria",2030,"Sub-Saharan Africa",362149874.63455,1803226.49390356,200.834379851297
"665","North Korea",2023,"East and South East Asia",681.478832786325,0,Inf
"666","North Korea",2024,"East and South East Asia",1402.34501337758,114513.896264452,0.0122460684608887
"667","North Korea",2025,"East and South East Asia",2142.37787872047,115416.745863201,0.0185621060678643
"668","North Korea",2026,"East and South East Asia",2901.61284528496,116398.914421564,0.024928177893276
"669","North Korea",2027,"East and South East Asia",3677.6536287862,117506.45902675,0.0312974593843303
"670","North Korea",2028,"East and South East Asia",4470.21920121725,118809.845659338,0.037624989548717
"671","North Korea",2029,"East and South East Asia",5280.83957308623,120350.377786871,0.0438788782403169
"672","North Korea",2030,"East and South East Asia",6111.19748372186,122128.795808783,0.0500389563595645
"673","Pakistan",2023,"South Asia",257596941.342057,0,Inf
"674","Pakistan",2024,"South Asia",537024721.023911,1389707.18117866,386.430125926557
"675","Pakistan",2025,"South Asia",835306377.572149,1727779.61808569,483.456552461034
"676","Pakistan",2026,"South Asia",1155308346.69127,2061529.1822848,560.413287679411
"677","Pakistan",2027,"South Asia",1496241714.63517,2394567.36107407,624.848454446503
"678","Pakistan",2028,"South Asia",1858793909.32939,2728422.77455333,681.270485888571
"679","Pakistan",2029,"South Asia",2244109004.61678,3065383.82388198,732.08091826323
"680","Pakistan",2030,"South Asia",2653262986.08489,3407436.76864208,778.668297091324
"681","Panama",2023,"Latin America and Caribbean",45743830.6696941,0,Inf
"682","Panama",2024,"Latin America and Caribbean",94637870.9048807,10602.6050831626,8925.90737489312
"683","Panama",2025,"Latin America and Caribbean",146644714.278056,17741.452402988,8265.65440906962
"684","Panama",2026,"Latin America and Caribbean",201640240.837191,24889.3678164098,8101.46092598817
"685","Panama",2027,"Latin America and Caribbean",259864061.906289,32169.5656675043,8077.94747968224
"686","Panama",2028,"Latin America and Caribbean",321305388.291375,37982.1547311757,8459.37758311663
"687","Panama",2029,"Latin America and Caribbean",385906430.765617,42157.9784173251,9153.81726669859
"688","Panama",2030,"Latin America and Caribbean",453662117.970336,45352.2003535265,10003.0894738068
"689","Papua New Guinea",2023,"Oceania",20008601.4235424,0,Inf
"690","Papua New Guinea",2024,"Oceania",41817442.0147253,98591.0108226776,424.150656999924
"691","Papua New Guinea",2025,"Oceania",65013708.7967134,116282.206993779,559.102810975989
"692","Papua New Guinea",2026,"Oceania",89766517.1718079,134225.332142627,668.774781472861
"693","Papua New Guinea",2027,"Oceania",116064411.040941,152596.259425542,760.598008613533
"694","Papua New Guinea",2028,"Oceania",143938686.462135,171469.135001523,839.443707818651
"695","Papua New Guinea",2029,"Oceania",173409100.454493,190928.730750933,908.239947819616
"696","Papua New Guinea",2030,"Oceania",204480003.452354,211067.873567384,968.787906924513
"697","Paraguay",2023,"Latin America and Caribbean",22405086.9722749,0,Inf
"698","Paraguay",2024,"Latin America and Caribbean",46542132.4616665,44365.6348877388,1049.05818612615
"699","Paraguay",2025,"Latin America and Caribbean",71973345.3830728,54505.0192909254,1320.49022859544
"700","Paraguay",2026,"Latin America and Caribbean",98739970.5197602,64388.1463140527,1533.51161933063
"701","Paraguay",2027,"Latin America and Caribbean",126837649.445024,74207.1891012003,1709.2366788351
"702","Paraguay",2028,"Latin America and Caribbean",156284520.113,84058.7538044619,1859.22956312855
"703","Paraguay",2029,"Latin America and Caribbean",187086902.947195,92767.2734551581,2016.73387584932
"704","Paraguay",2030,"Latin America and Caribbean",219241110.002338,99843.4822177657,2195.84799260264
"705","Peru",2023,"Latin America and Caribbean",6063.83942548624,0,Inf
"706","Peru",2024,"Latin America and Caribbean",12520.8854665235,60558.6761211816,0.206756261340133
"707","Peru",2025,"Latin America and Caribbean",19290.4363844505,61100.1502296785,0.315718313489195
"708","Peru",2026,"Latin America and Caribbean",26402.4504585281,61631.8269182426,0.428389872225468
"709","Peru",2027,"Latin America and Caribbean",33838.386810979,62183.5462158879,0.544169460736436
"710","Peru",2028,"Latin America and Caribbean",41601.2587913276,62765.8663723934,0.662800678070864
"711","Peru",2029,"Latin America and Caribbean",49706.3106806132,63397.1524600279,0.784046424040151
"712","Peru",2030,"Latin America and Caribbean",58161.9987919234,63932.8632771339,0.90973555399521
"713","Philippines",2023,"East and South East Asia",86341104.8352864,0,Inf
"714","Philippines",2024,"East and South East Asia",183667401.013024,1459364.5167939,125.854369418633
"715","Philippines",2025,"East and South East Asia",288906206.463756,1668987.85253546,173.102641834607
"716","Philippines",2026,"East and South East Asia",402478473.669282,1876869.16340995,214.441412068409
"717","Philippines",2027,"East and South East Asia",524995799.435073,2090631.25524617,251.118315636803
"718","Philippines",2028,"East and South East Asia",656757277.970377,2310397.41849388,284.261604827497
"719","Philippines",2029,"East and South East Asia",797597977.270358,2535058.7708215,314.627016324316
"720","Philippines",2030,"East and South East Asia",947381028.910003,2764269.78238202,342.723794525449
"721","Romania",2023,"Central and Eastern Europe",185626125.9189,0,Inf
"722","Romania",2024,"Central and Eastern Europe",381146937.936394,125503.693338035,3036.93801990194
"723","Romania",2025,"Central and Eastern Europe",581878201.472118,184285.702253781,3157.4788187898
"724","Romania",2026,"Central and Eastern Europe",790749513.050089,236310.939169539,3346.22474875264
"725","Romania",2027,"Central and Eastern Europe",1004692789.80811,282419.661553745,3557.44633458148
"726","Romania",2028,"Central and Eastern Europe",1222750327.48087,323234.230866713,3782.86150016419
"727","Romania",2029,"Central and Eastern Europe",1441874736.7859,332566.124332248,4335.60315164695
"728","Romania",2030,"Central and Eastern Europe",1660291419.37955,327413.964014821,5070.92427891804
"729","Russian Federation",2023,"Central and Eastern Europe",87511679.1254517,0,Inf
"730","Russian Federation",2024,"Central and Eastern Europe",176040028.289722,510675.075062366,344.720227961436
"731","Russian Federation",2025,"Central and Eastern Europe",265040429.791161,796461.354552566,332.772492069066
"732","Russian Federation",2026,"Central and Eastern Europe",354757129.210681,1058468.17145172,335.160885115818
"733","Russian Federation",2027,"Central and Eastern Europe",444595584.284301,1298491.19833285,342.393991468808
"734","Russian Federation",2028,"Central and Eastern Europe",534608632.863234,1517769.85931014,352.233001323552
"735","Russian Federation",2029,"Central and Eastern Europe",624702555.778808,1575785.38724396,396.438855719692
"736","Russian Federation",2030,"Central and Eastern Europe",714841218.237557,1534988.22695723,465.698176496487
"737","Rwanda",2023,"Sub-Saharan Africa",178.816637372296,0,Inf
"738","Rwanda",2024,"Sub-Saharan Africa",375.887556955193,14518.6845415629,0.0258899183241521
"739","Rwanda",2025,"Sub-Saharan Africa",590.772063557904,14917.8263398989,0.039601752299384
"740","Rwanda",2026,"Sub-Saharan Africa",824.57576835438,15311.606687641,0.0538529878134834
"741","Rwanda",2027,"Sub-Saharan Africa",1077.30554126974,15707.8140971219,0.0685840521544706
"742","Rwanda",2028,"Sub-Saharan Africa",1349.06023328916,16117.729759249,0.08370038792312
"743","Rwanda",2029,"Sub-Saharan Africa",1639.87518791607,16556.6157511314,0.0990465208932571
"744","Rwanda",2030,"Sub-Saharan Africa",1949.60902695404,17031.3426073099,0.114471834188648
"745","Senegal",2023,"Sub-Saharan Africa",4954374.46532357,0,Inf
"746","Senegal",2024,"Sub-Saharan Africa",10308817.7049589,45220.7289640616,227.966641430122
"747","Senegal",2025,"Sub-Saharan Africa",16037090.9695094,55184.4383032122,290.608937276723
"748","Senegal",2026,"Sub-Saharan Africa",22274065.2943328,64932.6557561503,343.033332534271
"749","Senegal",2027,"Sub-Saharan Africa",28974011.8649847,74606.8592679426,388.355871689058
"750","Senegal",2028,"Sub-Saharan Africa",36148525.5485624,84271.9200934171,428.95101367681
"751","Senegal",2029,"Sub-Saharan Africa",43801637.5281218,93979.8448564546,466.07480141114
"752","Senegal",2030,"Sub-Saharan Africa",51938361.048907,103785.180737207,500.441013639697
"753","Serbia",2023,"Central and Eastern Europe",63337365.0196791,0,Inf
"754","Serbia",2024,"Central and Eastern Europe",129279196.541061,51804.1145416432,2495.5391610282
"755","Serbia",2025,"Central and Eastern Europe",196805419.246045,79193.459075301,2485.12214953148
"756","Serbia",2026,"Central and Eastern Europe",267067564.576626,102996.077431943,2592.98772570341
"757","Serbia",2027,"Central and Eastern Europe",338960664.179731,123647.951873161,2741.33666627523
"758","Serbia",2028,"Central and Eastern Europe",412145189.249481,141524.773401419,2912.17699448618
"759","Serbia",2029,"Central and Eastern Europe",486161691.355361,154088.059798229,3155.08996603608
"760","Serbia",2030,"Central and Eastern Europe",560220629.217325,157212.397514678,3563.46342956203
"761","Sierra Leone",2023,"Sub-Saharan Africa",3028458.65804161,0,Inf
"762","Sierra Leone",2024,"Sub-Saharan Africa",6264860.02135194,67017.119931735,93.4814869354793
"763","Sierra Leone",2025,"Sub-Saharan Africa",9681322.23443422,78936.6821461592,122.646683027648
"764","Sierra Leone",2026,"Sub-Saharan Africa",13356548.4008142,91283.7179400357,146.319066556734
"765","Sierra Leone",2027,"Sub-Saharan Africa",17254822.4886304,104129.621874994,165.705225640256
"766","Sierra Leone",2028,"Sub-Saharan Africa",21377207.7489683,117552.442588067,181.852518572323
"767","Sierra Leone",2029,"Sub-Saharan Africa",25722845.1096346,131641.135920913,195.401269745107
"768","Sierra Leone",2030,"Sub-Saharan Africa",30290095.1135892,146486.443061128,206.777463365326
"769","Solomon Islands",2023,"Oceania",9177.03641455251,0,Inf
"770","Solomon Islands",2024,"Oceania",19730.2546713131,3626.97142331656,5.43987045072205
"771","Solomon Islands",2025,"Oceania",31176.8490938855,3791.32764191197,8.22320095716206
"772","Solomon Islands",2026,"Oceania",43835.5004869409,3956.44661049654,11.0795127048206
"773","Solomon Islands",2027,"Oceania",57544.3483026736,4127.23019045485,13.9426069415168
"774","Solomon Islands",2028,"Oceania",72307.5296385287,4305.36350194919,16.7947560306563
"775","Solomon Islands",2029,"Oceania",88144.2358900802,4492.17952843638,19.6217082002422
"776","Solomon Islands",2030,"Oceania",105122.033257381,4688.34005498496,22.4220154733888
"777","Somalia",2023,"Sub-Saharan Africa",7546066.48185104,0,Inf
"778","Somalia",2024,"Sub-Saharan Africa",15581286.3383079,40361.3344869287,386.044875284142
"779","Somalia",2025,"Sub-Saharan Africa",24120238.4174115,56667.1125060098,425.647917296887
"780","Somalia",2026,"Sub-Saharan Africa",33237508.419479,73096.356610651,454.708140879294
"781","Somalia",2027,"Sub-Saharan Africa",42934513.0049589,89786.8544841335,478.182616504802
"782","Somalia",2028,"Sub-Saharan Africa",53232835.328535,106811.505495757,498.381097443191
"783","Somalia",2029,"Sub-Saharan Africa",64153840.8014196,124247.604517011,516.338653375296
"784","Somalia",2030,"Sub-Saharan Africa",75719619.5071133,142167.155251722,532.609795652475
"785","South Africa",2023,"Sub-Saharan Africa",7925.08525691794,0,Inf
"786","South Africa",2024,"Sub-Saharan Africa",16567.428786636,155267.454791894,0.106702520556169
"787","South Africa",2025,"Sub-Saharan Africa",25754.5437437118,156328.950084527,0.164745837094066
"788","South Africa",2026,"Sub-Saharan Africa",35515.107938874,157325.349303447,0.225743073802893
"789","South Africa",2027,"Sub-Saharan Africa",45865.0637905736,158402.120486595,0.289548294237986
"790","South Africa",2028,"Sub-Saharan Africa",56799.8142716658,159581.915430839,0.355928891555899
"791","South Africa",2029,"Sub-Saharan Africa",68286.5994435371,160880.681551415,0.424454936323189
"792","South Africa",2030,"Sub-Saharan Africa",80288.9458361015,162315.687774913,0.49464686338538
"793","South Sudan",2023,"Sub-Saharan Africa",5678548.98376573,0,Inf
"794","South Sudan",2024,"Sub-Saharan Africa",11709022.9375738,31982.7451357929,366.104375589383
"795","South Sudan",2025,"Sub-Saharan Africa",18070445.3835516,40774.1500838232,443.183863953082
"796","South Sudan",2026,"Sub-Saharan Africa",24824662.7670353,49689.7090258279,499.59364330614
"797","South Sudan",2027,"Sub-Saharan Africa",31951651.4447474,58812.8295449031,543.276895398353
"798","South Sudan",2028,"Sub-Saharan Africa",39460654.1069633,68195.4707663757,578.640394494054
"799","South Sudan",2029,"Sub-Saharan Africa",47367637.4059208,77898.907678356,608.065489204308
"800","South Sudan",2030,"Sub-Saharan Africa",55689521.8805312,87988.2341515859,632.920099119042
"801","Sri Lanka",2023,"East and South East Asia",15774253.0728485,0,Inf
"802","Sri Lanka",2024,"East and South East Asia",32758942.0793172,117144.851880405,279.644743695278
"803","Sri Lanka",2025,"East and South East Asia",50567931.6938293,133679.591210677,378.277126941052
"804","Sri Lanka",2026,"East and South East Asia",69291151.2968176,148694.680129726,465.996169038231
"805","Sri Lanka",2027,"East and South East Asia",88792481.087928,162436.977613823,546.627266723853
"806","Sri Lanka",2028,"East and South East Asia",109032651.411105,174937.841029121,623.265102448331
"807","Sri Lanka",2029,"East and South East Asia",130006156.485252,186265.841677234,697.960266437524
"808","Sri Lanka",2030,"East and South East Asia",151704716.876582,196483.76836638,772.097960752158
"809","Sudan",2023,"Sub-Saharan Africa",78110307.9023788,0,Inf
"810","Sudan",2024,"Sub-Saharan Africa",162308734.902699,151547.243636451,1071.01080170131
"811","Sudan",2025,"Sub-Saharan Africa",252779982.250922,246482.778428297,1025.54825072477
"812","Sudan",2026,"Sub-Saharan Africa",349950971.793045,339989.625282306,1029.29897199795
"813","Sudan",2027,"Sub-Saharan Africa",454207650.469478,432877.693357795,1049.27478925105
"814","Sudan",2028,"Sub-Saharan Africa",565964138.017154,525572.42702878,1076.85279689561
"815","Sudan",2029,"Sub-Saharan Africa",685651866.670277,618516.076205777,1108.54332336249
"816","Sudan",2030,"Sub-Saharan Africa",813692896.138035,712133.794573172,1142.6123887657
"817","Suriname",2023,"Latin America and Caribbean",786939.799898877,0,Inf
"818","Suriname",2024,"Latin America and Caribbean",1679717.98244095,6047.43687197991,277.757009787688
"819","Suriname",2025,"Latin America and Caribbean",2627266.5986228,6988.8623717818,375.921925323732
"820","Suriname",2026,"Latin America and Caribbean",3647572.65917544,7882.38721599938,462.749743094545
"821","Suriname",2027,"Latin America and Caribbean",4731872.6079119,8744.79897970347,541.107076205468
"822","Suriname",2028,"Latin America and Caribbean",5879449.424191,9578.31281858915,613.829338793408
"823","Suriname",2029,"Latin America and Caribbean",7087568.65022221,10303.673331089,687.868143959598
"824","Suriname",2030,"Latin America and Caribbean",8353148.58558635,10904.6175107341,766.019402089416
"825","Swaziland",2023,"Sub-Saharan Africa",70.7131456298564,0,Inf
"826","Swaziland",2024,"Sub-Saharan Africa",148.875852384779,2172.65508138862,0.0685225435275381
"827","Swaziland",2025,"Sub-Saharan Africa",232.827651980412,2147.1657636301,0.108434875371142
"828","Swaziland",2026,"Sub-Saharan Africa",322.706021669691,2122.71767211836,0.152024937611062
"829","Swaziland",2027,"Sub-Saharan Africa",418.059916122905,2102.20140671975,0.198867679750648
"830","Swaziland",2028,"Sub-Saharan Africa",519.284057422353,2086.44964039347,0.248884059969176
"831","Swaziland",2029,"Sub-Saharan Africa",627.761158063575,2077.04394572754,0.302237783343426
"832","Swaziland",2030,"Sub-Saharan Africa",745.050043800774,2074.82471763587,0.359090595686421
"833","Syria",2023,"Central Asia, Middle East and North Africa",37603838.8409201,0,Inf
"834","Syria",2024,"Central Asia, Middle East and North Africa",82068952.2111328,227621.750250414,360.549693167924
"835","Syria",2025,"Central Asia, Middle East and North Africa",132287242.93547,283101.239477291,467.278925305028
"836","Syria",2026,"Central Asia, Middle East and North Africa",188058889.601187,339899.639404012,553.277696707574
"837","Syria",2027,"Central Asia, Middle East and North Africa",248332958.939531,396656.313749128,626.065816505806
"838","Syria",2028,"Central Asia, Middle East and North Africa",312908499.603299,453419.886858405,690.107577264283
"839","Syria",2029,"Central Asia, Middle East and North Africa",382243269.593309,511033.644894992,747.980633783618
"840","Syria",2030,"Central Asia, Middle East and North Africa",456906987.816731,570155.96296368,801.371935920341
"841","Tajikistan",2023,"Central Asia, Middle East and North Africa",1373666.88072247,0,Inf
"842","Tajikistan",2024,"Central Asia, Middle East and North Africa",2911843.07346832,67183.4035136848,43.3417022832908
"843","Tajikistan",2025,"Central Asia, Middle East and North Africa",4569143.09330695,77519.2115275771,58.942073884246
"844","Tajikistan",2026,"Central Asia, Middle East and North Africa",6401098.48002739,88030.9654270265,72.714168803858
"845","Tajikistan",2027,"Central Asia, Middle East and North Africa",8380414.16192164,98678.0742573946,84.9268109961483
"846","Tajikistan",2028,"Central Asia, Middle East and North Africa",10510037.3616108,109506.619183925,95.9762746757653
"847","Tajikistan",2029,"Central Asia, Middle East and North Africa",12792455.4702714,120592.156598919,106.080327535879
"848","Tajikistan",2030,"Central Asia, Middle East and North Africa",15226652.4079207,131990.487964735,115.361740400482
"849","Tanzania",2023,"Sub-Saharan Africa",952.003067736603,0,Inf
"850","Tanzania",2024,"Sub-Saharan Africa",1990.78670927598,58448.0401325693,0.0340607949344505
"851","Tanzania",2025,"Sub-Saharan Africa",3116.24804081333,60006.305013226,0.0519320101467084
"852","Tanzania",2026,"Sub-Saharan Africa",4329.1393847833,61574.5369705783,0.0703072990520717
"853","Tanzania",2027,"Sub-Saharan Africa",5637.9261090958,63241.0722202386,0.0891497552328269
"854","Tanzania",2028,"Sub-Saharan Africa",7048.48333053095,65023.2467267066,0.108399436899172
"855","Tanzania",2029,"Sub-Saharan Africa",8566.94728334137,66943.7239341516,0.127972374105871
"856","Tanzania",2030,"Sub-Saharan Africa",10199.4667397089,69026.4251982495,0.147761769647134
"857","Thailand",2023,"East and South East Asia",352380606.212122,0,Inf
"858","Thailand",2024,"East and South East Asia",727495336.990731,294178.113195841,2472.97573938283
"859","Thailand",2025,"East and South East Asia",1121827650.17096,397193.191858017,2824.38791290253
"860","Thailand",2026,"East and South East Asia",1535782318.05106,494887.45629565,3103.2961100828
"861","Thailand",2027,"East and South East Asia",1969143351.77038,588165.117323662,3347.94310946322
"862","Thailand",2028,"East and South East Asia",2422191874.36099,677336.447017936,3576.05424161805
"863","Thailand",2029,"East and South East Asia",2895091113.24023,752918.801617997,3845.15714977336
"864","Thailand",2030,"East and South East Asia",3386931461.06403,780550.455175683,4339.15762729484
"865","The Gambia",2023,"Sub-Saharan Africa",458494.445901386,0,Inf
"866","The Gambia",2024,"Sub-Saharan Africa",957130.36180775,10612.4863200515,90.1890785007959
"867","The Gambia",2025,"Sub-Saharan Africa",1490634.26100277,12117.1990859946,123.018054785094
"868","The Gambia",2026,"Sub-Saharan Africa",2074959.24943955,13619.3872514465,152.353348291728
"869","The Gambia",2027,"Sub-Saharan Africa",2702890.6598602,15137.136530481,178.560235247764
"870","The Gambia",2028,"Sub-Saharan Africa",3375046.51473119,16679.4365352562,202.347753630477
"871","The Gambia",2029,"Sub-Saharan Africa",4091153.85943841,18256.2988497044,224.095469356575
"872","The Gambia",2030,"Sub-Saharan Africa",4851755.94699028,19877.3593011544,244.084532230019
"873","Timor-Leste",2023,"East and South East Asia",43.4261117160659,0,Inf
"874","Timor-Leste",2024,"East and South East Asia",90.444033900484,3111.30360917577,0.0290694979537674
"875","Timor-Leste",2025,"East and South East Asia",140.070669170112,3162.97790423101,0.0442844286021551
"876","Timor-Leste",2026,"East and South East Asia",192.872218347734,3220.59712550553,0.0598870988303012
"877","Timor-Leste",2027,"East and South East Asia",248.576903588691,3278.5345572139,0.0758195160827988
"878","Timor-Leste",2028,"East and South East Asia",307.40814607495,3339.63360008715,0.0920484648576204
"879","Timor-Leste",2029,"East and South East Asia",369.961872066249,3408.76967312702,0.108532376060148
"880","Timor-Leste",2030,"East and South East Asia",436.797748045693,3489.18835408498,0.125186061547612
"881","Togo",2023,"Sub-Saharan Africa",1673771.15041191,0,Inf
"882","Togo",2024,"Sub-Saharan Africa",3496373.79527527,51116.1693677727,68.4005440650181
"883","Togo",2025,"Sub-Saharan Africa",5450734.85350925,58313.7186724646,93.4725992030253
"884","Togo",2026,"Sub-Saharan Africa",7588331.95486109,65427.0964594497,115.981487265971
"885","Togo",2027,"Sub-Saharan Africa",9889919.42177392,72558.417998696,136.302853542805
"886","Togo",2028,"Sub-Saharan Africa",12358580.0641299,79742.4956024032,154.981104751848
"887","Togo",2029,"Sub-Saharan Africa",14994655.0159871,87016.8871792357,172.318908456256
"888","Togo",2030,"Sub-Saharan Africa",17798410.0558599,94424.1956037445,188.494166585774
"889","Tunisia",2023,"Central Asia, Middle East and North Africa",1370.09673162275,0,Inf
"890","Tunisia",2024,"Central Asia, Middle East and North Africa",2850.70041349677,69418.3103367802,0.041065540196336
"891","Tunisia",2025,"Central Asia, Middle East and North Africa",4403.16781471526,70518.4582164477,0.0624399331193584
"892","Tunisia",2026,"Central Asia, Middle East and North Africa",6020.67931640532,71488.39611257,0.0842189732012561
"893","Tunisia",2027,"Central Asia, Middle East and North Africa",7698.00031022611,72529.6067024666,0.106135972056282
"894","Tunisia",2028,"Central Asia, Middle East and North Africa",9432.78654239777,73651.7004585445,0.128072895583818
"895","Tunisia",2029,"Central Asia, Middle East and North Africa",11225.6999651388,74845.0614972232,0.149985847303436
"896","Tunisia",2030,"Central Asia, Middle East and North Africa",13078.2607743508,76098.2715100039,0.171860155491594
"897","Turkey",2023,"Central Asia, Middle East and North Africa",28660.5835183988,0,Inf
"898","Turkey",2024,"Central Asia, Middle East and North Africa",58506.7189520891,8623.79982947127,6.78433174575159
"899","Turkey",2025,"Central Asia, Middle East and North Africa",89568.926905828,10773.3531966957,8.31393209435479
"900","Turkey",2026,"Central Asia, Middle East and North Africa",121811.417965522,12896.0555506117,9.44563378216407
"901","Turkey",2027,"Central Asia, Middle East and North Africa",155283.087159693,15019.6688907347,10.3386491599348
"902","Turkey",2028,"Central Asia, Middle East and North Africa",190015.588603923,17150.2155355663,11.0794869143111
"903","Turkey",2029,"Central Asia, Middle East and North Africa",226004.802132577,19289.0913602089,11.71671583239
"904","Turkey",2030,"Central Asia, Middle East and North Africa",263235.306877013,19259.1546954679,13.6680612954917
"905","Turkmenistan",2023,"Central Asia, Middle East and North Africa",22289530.8360598,0,Inf
"906","Turkmenistan",2024,"Central Asia, Middle East and North Africa",46405161.3627782,29479.8350847383,1574.13232568598
"907","Turkmenistan",2025,"Central Asia, Middle East and North Africa",72249942.7056717,48081.8245467849,1502.64561269655
"908","Turkmenistan",2026,"Central Asia, Middle East and North Africa",99925684.0182439,65472.528003651,1526.22309028104
"909","Turkmenistan",2027,"Central Asia, Middle East and North Africa",129507990.195479,81889.3212254329,1581.50035019776
"910","Turkmenistan",2028,"Central Asia, Middle East and North Africa",161090880.924971,97457.041665032,1652.94244697735
"911","Turkmenistan",2029,"Central Asia, Middle East and North Africa",194631349.05315,110703.102621163,1758.13815913721
"912","Turkmenistan",2030,"Central Asia, Middle East and North Africa",229861812.52754,115980.326678922,1981.90347543929
"913","Uganda",2023,"Sub-Saharan Africa",5109461.4868368,0,Inf
"914","Uganda",2024,"Sub-Saharan Africa",10691527.2148461,139271.124542857,76.7677237470433
"915","Uganda",2025,"Sub-Saharan Africa",16759950.4685292,161825.955265009,103.567752410809
"916","Uganda",2026,"Sub-Saharan Africa",23433841.1114299,185441.71053516,126.367692811951
"917","Uganda",2027,"Sub-Saharan Africa",30702541.1312008,210448.673481575,145.890875068352
"918","Uganda",2028,"Sub-Saharan Africa",38597960.1479377,237073.914172515,162.809815169503
"919","Uganda",2029,"Sub-Saharan Africa",47153594.1286866,265578.784702907,177.550304635348
"920","Uganda",2030,"Sub-Saharan Africa",56399809.7859827,296223.161359672,190.396353637933
"921","Ukraine",2023,"Central and Eastern Europe",23371202.2568105,0,Inf
"922","Ukraine",2024,"Central and Eastern Europe",47391389.0755068,262550.409066702,180.503962054262
"923","Ukraine",2025,"Central and Eastern Europe",71643835.9647148,394059.12589777,181.80986368858
"924","Ukraine",2026,"Central and Eastern Europe",97150482.1525876,514618.609039263,188.781517897219
"925","Ukraine",2027,"Central and Eastern Europe",123251618.54373,625849.775061266,196.934829179518
"926","Ukraine",2028,"Central and Eastern Europe",149916869.260929,728787.097324735,205.707359270288
"927","Ukraine",2029,"Central and Eastern Europe",177069866.386791,824292.771494492,214.81428991031
"928","Ukraine",2030,"Central and Eastern Europe",204557432.18804,913322.582397398,223.97062782691
"929","Uzbekistan",2023,"Central Asia, Middle East and North Africa",9242249.01837866,0,Inf
"930","Uzbekistan",2024,"Central Asia, Middle East and North Africa",19373278.1415447,183856.278745713,105.371860421146
"931","Uzbekistan",2025,"Central Asia, Middle East and North Africa",30203343.6553104,234665.881080424,128.707861220606
"932","Uzbekistan",2026,"Central Asia, Middle East and North Africa",42011604.9642839,285509.230421538,147.146223266604
"933","Uzbekistan",2027,"Central Asia, Middle East and North Africa",54625027.3094731,336468.588351355,162.348074086581
"934","Uzbekistan",2028,"Central Asia, Middle East and North Africa",68041712.6059308,387718.01169641,175.492782262612
"935","Uzbekistan",2029,"Central Asia, Middle East and North Africa",82281313.4159333,439543.216850491,187.197322724061
"936","Uzbekistan",2030,"Central Asia, Middle East and North Africa",97357006.5683095,492129.102794275,197.828183733746
"937","Vanuatu",2023,"Oceania",45061.4518392182,0,Inf
"938","Vanuatu",2024,"Oceania",94562.0470078143,2754.73141767885,34.3271385373361
"939","Vanuatu",2025,"Oceania",146989.560232135,2969.38348416042,49.5017100405592
"940","Vanuatu",2026,"Oceania",202978.278182875,3191.72860492892,63.5950932261031
"941","Vanuatu",2027,"Oceania",262131.292969003,3423.55489845934,76.5669897938445
"942","Vanuatu",2028,"Oceania",324423.259558294,3666.79298883942,88.4760226567842
"943","Vanuatu",2029,"Oceania",390059.968067334,3923.73403482398,99.4103995340836
"944","Vanuatu",2030,"Oceania",459207.536018202,4198.20252672788,109.381939793198
"945","Venezuela",2023,"Latin America and Caribbean",41830182.5055375,0,Inf
"946","Venezuela",2024,"Latin America and Caribbean",89916507.7686684,243698.808012573,368.965726594894
"947","Venezuela",2025,"Latin America and Caribbean",141478615.008212,278722.836118012,507.596065606584
"948","Venezuela",2026,"Latin America and Caribbean",196566027.047793,310919.931630512,632.20786784871
"949","Venezuela",2027,"Latin America and Caribbean",254768107.490062,341086.59928462,746.930861618139
"950","Venezuela",2028,"Latin America and Caribbean",315796627.632963,369326.505715627,855.060827603093
"951","Venezuela",2029,"Latin America and Caribbean",379334879.83411,392646.214332731,966.098401021789
"952","Venezuela",2030,"Latin America and Caribbean",445221119.660141,410568.930267074,1084.40041814788
"953","Vietnam",2023,"East and South East Asia",174858449.004243,0,Inf
"954","Vietnam",2024,"East and South East Asia",367879578.597199,1045940.03430276,351.721481664513
"955","Vietnam",2025,"East and South East Asia",573753797.273418,1195611.84717289,479.882997671943
"956","Vietnam",2026,"East and South East Asia",794047609.189533,1345919.38895539,589.96669169453
"957","Vietnam",2027,"East and South East Asia",1027869655.13445,1497338.20414667,686.464589154215
"958","Vietnam",2028,"East and South East Asia",1275463094.87792,1649823.69596068,773.090541735264
"959","Vietnam",2029,"East and South East Asia",1537661579.97105,1803980.04665658,852.371722636781
"960","Vietnam",2030,"East and South East Asia",1815476908.99882,1960054.40232126,926.238020153311
"961","Yemen",2023,"Central Asia, Middle East and North Africa",14408842.9772773,0,Inf
"962","Yemen",2024,"Central Asia, Middle East and North Africa",30144316.8787209,85511.4576403426,352.517869657965
"963","Yemen",2025,"Central Asia, Middle East and North Africa",47214311.8605776,139018.828317259,339.625304227342
"964","Yemen",2026,"Central Asia, Middle East and North Africa",65914991.6545743,191594.827474843,344.03325248031
"965","Yemen",2027,"Central Asia, Middle East and North Africa",86213942.204918,243742.258805692,353.709457799218
"966","Yemen",2028,"Central Asia, Middle East and North Africa",108184004.392959,295775.355088773,365.764092686117
"967","Yemen",2029,"Central Asia, Middle East and North Africa",131897895.814523,348013.132209351,379.002639863538
"968","Yemen",2030,"Central Asia, Middle East and North Africa",157421894.811073,400795.839033029,392.773276266723
"969","Zambia",2023,"Sub-Saharan Africa",346.150708724275,0,Inf
"970","Zambia",2024,"Sub-Saharan Africa",728.53297692952,16943.7691027595,0.0429971025048298
"971","Zambia",2025,"Sub-Saharan Africa",1146.22828722651,16832.894080504,0.068094546412793
"972","Zambia",2026,"Sub-Saharan Africa",1598.97932667008,16709.3068604034,0.0956939351242173
"973","Zambia",2027,"Sub-Saharan Africa",2091.80862765089,16622.8994919426,0.12583897464247
"974","Zambia",2028,"Sub-Saharan Africa",2627.35364249659,16568.655642077,0.158573737016073
"975","Zambia",2029,"Sub-Saharan Africa",3207.23437530026,16539.3313372157,0.193915600933851
"976","Zambia",2030,"Sub-Saharan Africa",3833.40108143459,16533.1488090369,0.231861524124146
"977","Zimbabwe",2023,"Sub-Saharan Africa",333.924576529455,0,Inf
"978","Zimbabwe",2024,"Sub-Saharan Africa",696.610210491945,27899.6486185729,0.024968422363148
"979","Zimbabwe",2025,"Sub-Saharan Africa",1087.27433213918,28270.4151981303,0.0384597935516378
"980","Zimbabwe",2026,"Sub-Saharan Africa",1503.62282065586,28582.8932488722,0.0526056899686033
"981","Zimbabwe",2027,"Sub-Saharan Africa",1951.42051921652,28993.3677607689,0.06730575541683
"982","Zimbabwe",2028,"Sub-Saharan Africa",2431.89019250349,29492.6842535779,0.0824574044055845
"983","Zimbabwe",2029,"Sub-Saharan Africa",2943.18014644409,30054.3281027671,0.09792866226722
"984","Zimbabwe",2030,"Sub-Saharan Africa",3483.56328991337,30664.385842095,0.11360290428942
